{
	"credit": "Made with Blockbench",
	"textures": {
		"0": "block/portalgun/texture_base",
		"1": "block/portalgun/texture_trigger",
		"2": "block/portalgun/texture_casing",
		"3": "block/portalgun/texture_CASING_2",
		"4": "block/portalgun/texture_spike",
		"5": "block/portalgun/texture_inner",
		"6": "block/portalgun/texture_filling",
		"particle": "block/portalgun/texture_base"
	},
	"elements": [
		{
			"from": [7, 2, 8],
			"to": [9, 9, 11],
			"rotation": {"angle": -22.5, "axis": "x", "origin": [15, 10, 16]},
			"faces": {
				"north": {"uv": [0, 0, 2, 7], "texture": "#0"},
				"east": {"uv": [0, 0, 3, 7], "texture": "#0"},
				"south": {"uv": [0, 0, 2, 7], "texture": "#0"},
				"west": {"uv": [0, 0, 3, 7], "texture": "#0"},
				"up": {"uv": [0, 0, 2, 3], "texture": "#0"},
				"down": {"uv": [0, 0, 2, 3], "texture": "#0"}
			}
		},
		{
			"from": [6, 5, 3],
			"to": [10, 10, 4],
			"rotation": {"angle": -22.5, "axis": "x", "origin": [15, 10, 9]},
			"faces": {
				"north": {"uv": [0, 0, 4, 5], "texture": "#0"},
				"east": {"uv": [0, 0, 1, 5], "texture": "#0"},
				"south": {"uv": [0, 0, 4, 5], "texture": "#0"},
				"west": {"uv": [0, 0, 1, 5], "texture": "#0"},
				"up": {"uv": [0, 0, 4, 1], "texture": "#0"},
				"down": {"uv": [0, 0, 4, 1], "texture": "#0"}
			}
		},
		{
			"from": [7, 0, 11.25],
			"to": [9, 1, 14.25],
			"rotation": {"angle": 0, "axis": "x", "origin": [15, 8, 19.25]},
			"faces": {
				"north": {"uv": [0, 0, 2, 1], "texture": "#0"},
				"east": {"uv": [0, 0, 3, 1], "texture": "#0"},
				"south": {"uv": [0, 0, 2, 1], "texture": "#0"},
				"west": {"uv": [0, 0, 3, 1], "texture": "#0"},
				"up": {"uv": [0, 0, 2, 3], "texture": "#0"},
				"down": {"uv": [0, 0, 2, 3], "texture": "#0"}
			}
		},
		{
			"from": [7, 6, 2.25],
			"to": [9, 8, 14.25],
			"rotation": {"angle": 0, "axis": "x", "origin": [15, 14, 17.25]},
			"faces": {
				"north": {"uv": [0, 0, 2, 2], "texture": "#0"},
				"east": {"uv": [0, 0, 12, 2], "texture": "#0"},
				"south": {"uv": [0, 0, 2, 2], "texture": "#0"},
				"west": {"uv": [0, 0, 12, 2], "texture": "#0"},
				"up": {"uv": [0, 0, 2, 12], "texture": "#0"},
				"down": {"uv": [0, 0, 2, 12], "texture": "#0"}
			}
		},
		{
			"from": [3, 8.5, 2.25],
			"to": [4.25, 10.5, 14.25],
			"rotation": {"angle": 22.5, "axis": "z", "origin": [11, 16.5, 17.25]},
			"faces": {
				"north": {"uv": [0, 0, 1.25, 2], "texture": "#0"},
				"east": {"uv": [0, 0, 12, 2], "texture": "#0"},
				"south": {"uv": [0, 0, 1.25, 2], "texture": "#0"},
				"west": {"uv": [0, 0, 12, 2], "texture": "#0"},
				"up": {"uv": [0, 0, 1.25, 12], "texture": "#0"},
				"down": {"uv": [0, 0, 1.25, 12], "texture": "#0"}
			}
		},
		{
			"from": [10.75, 3, 2.25],
			"to": [12, 5.25, 14.25],
			"rotation": {"angle": -22.5, "axis": "z", "origin": [18, 11, 17.25]},
			"faces": {
				"north": {"uv": [0, 0, 1.25, 2.25], "texture": "#0"},
				"east": {"uv": [0, 0, 12, 2.25], "texture": "#0"},
				"south": {"uv": [0, 0, 1.25, 2.25], "texture": "#0"},
				"west": {"uv": [0, 0, 12, 2.25], "texture": "#0"},
				"up": {"uv": [0, 0, 1.25, 12], "texture": "#0"},
				"down": {"uv": [0, 0, 1.25, 12], "texture": "#0"}
			}
		},
		{
			"from": [7.5, 6.5, 5.75],
			"to": [8.5, 8.5, 6.75],
			"rotation": {"angle": -22.5, "axis": "x", "origin": [15.5, 14.5, 13.75]},
			"faces": {
				"north": {"uv": [0, 0, 1, 2], "texture": "#1"},
				"east": {"uv": [0, 0, 1, 2], "texture": "#1"},
				"south": {"uv": [0, 0, 1, 2], "texture": "#1"},
				"west": {"uv": [0, 0, 1, 2], "texture": "#1"},
				"up": {"uv": [0, 0, 1, 1], "texture": "#1"},
				"down": {"uv": [0, 0, 1, 1], "texture": "#1"}
			}
		},
		{
			"from": [5, 3, 1],
			"to": [6, 8, 14],
			"rotation": {"angle": 0, "axis": "y", "origin": [13, 11, 14]},
			"faces": {
				"north": {"uv": [0, 0, 1, 5], "texture": "#2"},
				"east": {"uv": [0, 0, 13, 5], "texture": "#2"},
				"south": {"uv": [0, 0, 1, 5], "texture": "#2"},
				"west": {"uv": [0, 0, 13, 5], "texture": "#2"},
				"up": {"uv": [0, 0, 1, 13], "texture": "#2"},
				"down": {"uv": [0, 0, 1, 13], "texture": "#2"}
			}
		},
		{
			"from": [5, 3, -5],
			"to": [6, 5, 1],
			"rotation": {"angle": 0, "axis": "y", "origin": [13, 11, 1]},
			"faces": {
				"north": {"uv": [0, 0, 1, 2], "texture": "#2"},
				"east": {"uv": [0, 0, 6, 2], "texture": "#2"},
				"south": {"uv": [0, 0, 1, 2], "texture": "#2"},
				"west": {"uv": [0, 0, 6, 2], "texture": "#2"},
				"up": {"uv": [0, 0, 1, 6], "texture": "#2"},
				"down": {"uv": [0, 0, 1, 6], "texture": "#2"}
			}
		},
		{
			"from": [5.25, 5, -6],
			"to": [6, 8.5, 0],
			"rotation": {"angle": -22.5, "axis": "x", "origin": [13, 13, 0]},
			"faces": {
				"north": {"uv": [0, 0, 0.75, 3.5], "texture": "#2"},
				"east": {"uv": [0, 0, 6, 3.5], "texture": "#2"},
				"south": {"uv": [0, 0, 0.75, 3.5], "texture": "#2"},
				"west": {"uv": [0, 0, 6, 3.5], "texture": "#2"},
				"up": {"uv": [0, 0, 0.75, 6], "texture": "#2"},
				"down": {"uv": [0, 0, 0.75, 6], "texture": "#2"}
			}
		},
		{
			"from": [10, 5, -6],
			"to": [10.75, 8.5, 0],
			"rotation": {"angle": -22.5, "axis": "x", "origin": [17.75, 13, 0]},
			"faces": {
				"north": {"uv": [0, 0, 0.75, 3.5], "texture": "#2"},
				"east": {"uv": [0, 0, 6, 3.5], "texture": "#2"},
				"south": {"uv": [0, 0, 0.75, 3.5], "texture": "#2"},
				"west": {"uv": [0, 0, 6, 3.5], "texture": "#2"},
				"up": {"uv": [0, 0, 0.75, 6], "texture": "#2"},
				"down": {"uv": [0, 0, 0.75, 6], "texture": "#2"}
			}
		},
		{
			"from": [10, 3, -5],
			"to": [11, 5, 1],
			"rotation": {"angle": 0, "axis": "y", "origin": [18, 11, 1]},
			"faces": {
				"north": {"uv": [0, 0, 1, 2], "texture": "#2"},
				"east": {"uv": [0, 0, 6, 2], "texture": "#2"},
				"south": {"uv": [0, 0, 1, 2], "texture": "#2"},
				"west": {"uv": [0, 0, 6, 2], "texture": "#2"},
				"up": {"uv": [0, 0, 1, 6], "texture": "#2"},
				"down": {"uv": [0, 0, 1, 6], "texture": "#2"}
			}
		},
		{
			"from": [5.5, 6, 14],
			"to": [10.5, 9, 15],
			"rotation": {"angle": 0, "axis": "y", "origin": [14, 11, 27]},
			"faces": {
				"north": {"uv": [0, 0, 5, 3], "texture": "#2"},
				"east": {"uv": [0, 0, 1, 3], "texture": "#2"},
				"south": {"uv": [0, 0, 5, 3], "texture": "#2"},
				"west": {"uv": [0, 0, 1, 3], "texture": "#2"},
				"up": {"uv": [0, 0, 5, 1], "texture": "#2"},
				"down": {"uv": [0, 0, 5, 1], "texture": "#2"}
			}
		},
		{
			"from": [5.5, 4.5, 21.25],
			"to": [10.5, 7.5, 22.25],
			"rotation": {"angle": 0, "axis": "y", "origin": [14, 9.5, 34.25]},
			"faces": {
				"north": {"uv": [0, 0, 5, 3], "texture": "#2"},
				"east": {"uv": [0, 0, 1, 3], "texture": "#2"},
				"south": {"uv": [0, 0, 5, 3], "texture": "#2"},
				"west": {"uv": [0, 0, 1, 3], "texture": "#2"},
				"up": {"uv": [0, 0, 5, 1], "texture": "#2"},
				"down": {"uv": [0, 0, 5, 1], "texture": "#2"}
			}
		},
		{
			"from": [5, 6, 14],
			"to": [6, 7, 22],
			"rotation": {"angle": 0, "axis": "y", "origin": [13, 11, 27]},
			"faces": {
				"north": {"uv": [0, 0, 1, 1], "texture": "#2"},
				"east": {"uv": [0, 0, 8, 1], "texture": "#2"},
				"south": {"uv": [0, 0, 1, 1], "texture": "#2"},
				"west": {"uv": [0, 0, 8, 1], "texture": "#2"},
				"up": {"uv": [0, 0, 1, 8], "texture": "#2"},
				"down": {"uv": [0, 0, 1, 8], "texture": "#2"}
			}
		},
		{
			"from": [5.25, 3.25, 14],
			"to": [5.75, 4.25, 18.75],
			"rotation": {"angle": 22.5, "axis": "x", "origin": [13, 8.25, 25]},
			"faces": {
				"north": {"uv": [0, 0, 0.5, 1], "texture": "#2"},
				"east": {"uv": [0, 0, 4.75, 1], "texture": "#2"},
				"south": {"uv": [0, 0, 0.5, 1], "texture": "#2"},
				"west": {"uv": [0, 0, 4.75, 1], "texture": "#2"},
				"up": {"uv": [0, 0, 0.5, 4.75], "texture": "#2"},
				"down": {"uv": [0, 0, 0.5, 4.75], "texture": "#2"}
			}
		},
		{
			"from": [10.25, 3.25, 14],
			"to": [10.75, 4.25, 18.75],
			"rotation": {"angle": 22.5, "axis": "x", "origin": [18, 8.25, 25]},
			"faces": {
				"north": {"uv": [0, 0, 0.5, 1], "texture": "#2"},
				"east": {"uv": [0, 0, 4.75, 1], "texture": "#2"},
				"south": {"uv": [0, 0, 0.5, 1], "texture": "#2"},
				"west": {"uv": [0, 0, 4.75, 1], "texture": "#2"},
				"up": {"uv": [0, 0, 0.5, 4.75], "texture": "#2"},
				"down": {"uv": [0, 0, 0.5, 4.75], "texture": "#2"}
			}
		},
		{
			"from": [10, 6, 14],
			"to": [11, 7, 22],
			"rotation": {"angle": 0, "axis": "y", "origin": [18, 11, 27]},
			"faces": {
				"north": {"uv": [0, 0, 1, 1], "texture": "#2"},
				"east": {"uv": [0, 0, 8, 1], "texture": "#2"},
				"south": {"uv": [0, 0, 1, 1], "texture": "#2"},
				"west": {"uv": [0, 0, 8, 1], "texture": "#2"},
				"up": {"uv": [0, 0, 1, 8], "texture": "#2"},
				"down": {"uv": [0, 0, 1, 8], "texture": "#2"}
			}
		},
		{
			"from": [10, 3, 1],
			"to": [11, 8, 14],
			"rotation": {"angle": 0, "axis": "y", "origin": [18, 11, 14]},
			"faces": {
				"north": {"uv": [0, 0, 1, 5], "texture": "#2"},
				"east": {"uv": [0, 0, 13, 5], "texture": "#2"},
				"south": {"uv": [0, 0, 1, 5], "texture": "#2"},
				"west": {"uv": [0, 0, 13, 5], "texture": "#2"},
				"up": {"uv": [0, 0, 1, 13], "texture": "#2"},
				"down": {"uv": [0, 0, 1, 13], "texture": "#2"}
			}
		},
		{
			"from": [6, 3, -5],
			"to": [10, 4, 7],
			"rotation": {"angle": 0, "axis": "y", "origin": [18, 7, 14]},
			"faces": {
				"north": {"uv": [0, 0, 4, 1], "texture": "#2"},
				"east": {"uv": [0, 0, 12, 1], "texture": "#2"},
				"south": {"uv": [0, 0, 4, 1], "texture": "#2"},
				"west": {"uv": [0, 0, 12, 1], "texture": "#2"},
				"up": {"uv": [0, 0, 4, 12], "texture": "#2"},
				"down": {"uv": [0, 0, 4, 12], "texture": "#2"}
			}
		},
		{
			"from": [6, 4, -5],
			"to": [10, 5, 5],
			"rotation": {"angle": 0, "axis": "y", "origin": [18, 8, 14]},
			"faces": {
				"north": {"uv": [0, 0, 4, 1], "texture": "#2"},
				"east": {"uv": [0, 0, 10, 1], "texture": "#2"},
				"south": {"uv": [0, 0, 4, 1], "texture": "#2"},
				"west": {"uv": [0, 0, 10, 1], "texture": "#2"},
				"up": {"uv": [0, 0, 4, 10], "texture": "#2"},
				"down": {"uv": [0, 0, 4, 10], "texture": "#2"}
			}
		},
		{
			"from": [5.5, 3.25, -6],
			"to": [10.5, 6, -3],
			"rotation": {"angle": 0, "axis": "y", "origin": [18, 8, 4]},
			"faces": {
				"north": {"uv": [0, 0, 5, 2.75], "texture": "#2"},
				"east": {"uv": [0, 0, 3, 2.75], "texture": "#2"},
				"south": {"uv": [0, 0, 5, 2.75], "texture": "#2"},
				"west": {"uv": [0, 0, 3, 2.75], "texture": "#2"},
				"up": {"uv": [0, 0, 5, 3], "texture": "#2"},
				"down": {"uv": [0, 0, 5, 3], "texture": "#2"}
			}
		},
		{
			"from": [5.25, 6, -6],
			"to": [10.75, 6.5, -3.5],
			"rotation": {"angle": 0, "axis": "y", "origin": [18, 9, 4]},
			"faces": {
				"north": {"uv": [0, 0, 5.5, 0.5], "texture": "#2"},
				"east": {"uv": [0, 0, 2.5, 0.5], "texture": "#2"},
				"south": {"uv": [0, 0, 5.5, 0.5], "texture": "#2"},
				"west": {"uv": [0, 0, 2.5, 0.5], "texture": "#2"},
				"up": {"uv": [0, 0, 5.5, 2.5], "texture": "#2"},
				"down": {"uv": [0, 0, 5.5, 2.5], "texture": "#2"}
			}
		},
		{
			"from": [5.5, 6, -6],
			"to": [10.5, 7, 1],
			"rotation": {"angle": 0, "axis": "y", "origin": [18, 9, 4]},
			"faces": {
				"north": {"uv": [0, 0, 5, 1], "texture": "#6"},
				"east": {"uv": [0, 0, 7, 1], "texture": "#6"},
				"south": {"uv": [0, 0, 5, 1], "texture": "#6"},
				"west": {"uv": [0, 0, 7, 1], "texture": "#6"},
				"up": {"uv": [0, 0, 5, 7], "texture": "#6"},
				"down": {"uv": [0, 0, 5, 7], "texture": "#6"}
			}
		},
		{
			"from": [5, 3, -9],
			"to": [11, 9, -6],
			"rotation": {"angle": 0, "axis": "y", "origin": [18, 8, 1]},
			"faces": {
				"north": {"uv": [0, 0, 6, 6], "texture": "#2"},
				"east": {"uv": [0, 0, 3, 6], "texture": "#2"},
				"south": {"uv": [0, 0, 6, 6], "texture": "#2"},
				"west": {"uv": [0, 0, 3, 6], "texture": "#2"},
				"up": {"uv": [0, 0, 6, 3], "texture": "#2"},
				"down": {"uv": [0, 0, 6, 3], "texture": "#2"}
			}
		},
		{
			"from": [6.25, 4.25, -10.5],
			"to": [9.75, 7.75, -9],
			"rotation": {"angle": 0, "axis": "y", "origin": [18, 8, -2]},
			"faces": {
				"north": {"uv": [0, 0, 3.5, 3.5], "texture": "#5"},
				"east": {"uv": [0, 0, 1.5, 3.5], "texture": "#5"},
				"south": {"uv": [0, 0, 3.5, 3.5], "texture": "#5"},
				"west": {"uv": [0, 0, 1.5, 3.5], "texture": "#5"},
				"up": {"uv": [0, 0, 3.5, 1.5], "texture": "#5"},
				"down": {"uv": [0, 0, 3.5, 1.5], "texture": "#5"}
			}
		},
		{
			"from": [6.25, 4, -12],
			"to": [9.75, 4.25, -9],
			"rotation": {"angle": 0, "axis": "y", "origin": [18, 8.25, -2]},
			"faces": {
				"north": {"uv": [0, 0, 3.5, 0.25], "texture": "#2"},
				"east": {"uv": [0, 0, 3, 0.25], "texture": "#2"},
				"south": {"uv": [0, 0, 3.5, 0.25], "texture": "#2"},
				"west": {"uv": [0, 0, 3, 0.25], "texture": "#2"},
				"up": {"uv": [0, 0, 3.5, 3], "texture": "#2"},
				"down": {"uv": [0, 0, 3.5, 3], "texture": "#2"}
			}
		},
		{
			"from": [6.25, 7.75, -12],
			"to": [9.75, 8, -9],
			"rotation": {"angle": 0, "axis": "y", "origin": [18, 12, -2]},
			"faces": {
				"north": {"uv": [0, 0, 3.5, 0.25], "texture": "#2"},
				"east": {"uv": [0, 0, 3, 0.25], "texture": "#2"},
				"south": {"uv": [0, 0, 3.5, 0.25], "texture": "#2"},
				"west": {"uv": [0, 0, 3, 0.25], "texture": "#2"},
				"up": {"uv": [0, 0, 3.5, 3], "texture": "#2"},
				"down": {"uv": [0, 0, 3.5, 3], "texture": "#2"}
			}
		},
		{
			"from": [9.75, 4.25, -12],
			"to": [10, 7.75, -9],
			"rotation": {"angle": 0, "axis": "z", "origin": [14, -4, -2]},
			"faces": {
				"north": {"uv": [0, 0, 3.5, 0.25], "rotation": 270, "texture": "#2"},
				"east": {"uv": [0, 0, 3.5, 3], "rotation": 90, "texture": "#2"},
				"south": {"uv": [0, 0, 3.5, 0.25], "rotation": 90, "texture": "#2"},
				"west": {"uv": [0, 0, 3.5, 3], "rotation": 90, "texture": "#2"},
				"up": {"uv": [0, 0, 3, 0.25], "rotation": 90, "texture": "#2"},
				"down": {"uv": [0, 0, 3, 0.25], "rotation": 90, "texture": "#2"}
			}
		},
		{
			"from": [6, 4.25, -12],
			"to": [6.25, 7.75, -9],
			"rotation": {"angle": 0, "axis": "z", "origin": [10.25, -4, -2]},
			"faces": {
				"north": {"uv": [0, 0, 3.5, 0.25], "rotation": 270, "texture": "#2"},
				"east": {"uv": [0, 0, 3.5, 3], "rotation": 90, "texture": "#2"},
				"south": {"uv": [0, 0, 3.5, 0.25], "rotation": 90, "texture": "#2"},
				"west": {"uv": [0, 0, 3.5, 3], "rotation": 90, "texture": "#2"},
				"up": {"uv": [0, 0, 3, 0.25], "rotation": 90, "texture": "#2"},
				"down": {"uv": [0, 0, 3, 0.25], "rotation": 90, "texture": "#2"}
			}
		},
		{
			"from": [6, 5, 1],
			"to": [10, 8, 2],
			"rotation": {"angle": 0, "axis": "y", "origin": [18, 9, 15]},
			"faces": {
				"north": {"uv": [0, 0, 4, 3], "texture": "#3"},
				"east": {"uv": [0, 0, 1, 3], "texture": "#3"},
				"south": {"uv": [0, 0, 4, 3], "texture": "#3"},
				"west": {"uv": [0, 0, 1, 3], "texture": "#3"},
				"up": {"uv": [0, 0, 4, 1], "texture": "#3"},
				"down": {"uv": [0, 0, 4, 1], "texture": "#3"}
			}
		},
		{
			"from": [5, 8, 1],
			"to": [11, 9, 14],
			"rotation": {"angle": 0, "axis": "y", "origin": [18, 16, 14]},
			"faces": {
				"north": {"uv": [0, 0, 6, 1], "texture": "#2"},
				"east": {"uv": [0, 0, 13, 1], "texture": "#2"},
				"south": {"uv": [0, 0, 6, 1], "texture": "#2"},
				"west": {"uv": [0, 0, 13, 1], "texture": "#2"},
				"up": {"uv": [0, 0, 6, 13], "texture": "#2"},
				"down": {"uv": [0, 0, 6, 13], "texture": "#2"}
			}
		},
		{
			"from": [5.25, 3.25, -15],
			"to": [6, 4, -9],
			"rotation": {"angle": 0, "axis": "y", "origin": [13, 11, -2]},
			"faces": {
				"north": {"uv": [0, 0, 0.75, 0.75], "texture": "#4"},
				"east": {"uv": [0, 0, 6, 0.75], "texture": "#4"},
				"south": {"uv": [0, 0, 0.75, 0.75], "texture": "#4"},
				"west": {"uv": [0, 0, 6, 0.75], "texture": "#4"},
				"up": {"uv": [0, 0, 0.75, 6], "texture": "#4"},
				"down": {"uv": [0, 0, 0.75, 6], "texture": "#4"}
			}
		},
		{
			"from": [7.5, 8.25, -15],
			"to": [8.25, 9, -9],
			"rotation": {"angle": 0, "axis": "y", "origin": [15.25, 16, -2]},
			"faces": {
				"north": {"uv": [0, 0, 0.75, 0.75], "texture": "#4"},
				"east": {"uv": [0, 0, 6, 0.75], "texture": "#4"},
				"south": {"uv": [0, 0, 0.75, 0.75], "texture": "#4"},
				"west": {"uv": [0, 0, 6, 0.75], "texture": "#4"},
				"up": {"uv": [0, 0, 0.75, 6], "texture": "#4"},
				"down": {"uv": [0, 0, 0.75, 6], "texture": "#4"}
			}
		},
		{
			"from": [10, 3.25, -15],
			"to": [10.75, 4, -9],
			"rotation": {"angle": 0, "axis": "y", "origin": [17.75, 11, -2]},
			"faces": {
				"north": {"uv": [0, 0, 0.75, 0.75], "texture": "#4"},
				"east": {"uv": [0, 0, 6, 0.75], "texture": "#4"},
				"south": {"uv": [0, 0, 0.75, 0.75], "texture": "#4"},
				"west": {"uv": [0, 0, 6, 0.75], "texture": "#4"},
				"up": {"uv": [0, 0, 0.75, 6], "texture": "#4"},
				"down": {"uv": [0, 0, 0.75, 6], "texture": "#4"}
			}
		}
	],
	"display": {
		"thirdperson_righthand": {
			"translation": [0, 1, 1.75],
			"scale": [0.5, 0.5, 0.5]
		},
		"firstperson_righthand": {
			"translation": [3, 0, 2.75]
		},
		"ground": {
			"translation": [0, 3, 0],
			"scale": [0.8, 0.8, 0.8]
		},
		"gui": {
			"rotation": [28, 135, 0],
			"translation": [3.5, 3, 0],
			"scale": [0.84, 0.84, 0.84]
		}
	}
}
