{
	"credit": "Made with Blockbench",
	"textures": {
		"0": "block/portalgun/texture_base",
		"1": "block/portalgun/texture_trigger",
		"2": "block/portalgun/texture_casing",
		"3": "block/portalgun/texture_CASING_2",
		"4": "block/portalgun/texture_spike",
		"5": "block/portalgun/texture_inner",
		"6": "block/nether_portal",
		"7": "block/cube/texture_cube2",
		"8": "block/cube/texture_inside",
		"particle": "block/portalgun/texture_base"
	},
	"elements": [
		{
			"from": [7, 2, 17],
			"to": [9, 9, 20],
			"rotation": {"angle": -22.5, "axis": "x", "origin": [15, 10, 25]},
			"faces": {
				"north": {"uv": [0, 0, 2, 7], "texture": "#0"},
				"east": {"uv": [0, 0, 3, 7], "texture": "#0"},
				"south": {"uv": [0, 0, 2, 7], "texture": "#0"},
				"west": {"uv": [0, 0, 3, 7], "texture": "#0"},
				"up": {"uv": [0, 0, 2, 3], "texture": "#0"},
				"down": {"uv": [0, 0, 2, 3], "texture": "#0"}
			}
		},
		{
			"from": [6, 5, 12],
			"to": [10, 10, 13],
			"rotation": {"angle": -22.5, "axis": "x", "origin": [15, 10, 18]},
			"faces": {
				"north": {"uv": [0, 0, 4, 5], "texture": "#0"},
				"east": {"uv": [0, 0, 1, 5], "texture": "#0"},
				"south": {"uv": [0, 0, 4, 5], "texture": "#0"},
				"west": {"uv": [0, 0, 1, 5], "texture": "#0"},
				"up": {"uv": [0, 0, 4, 1], "texture": "#0"},
				"down": {"uv": [0, 0, 4, 1], "texture": "#0"}
			}
		},
		{
			"from": [7, 0, 20.25],
			"to": [9, 1, 23.25],
			"rotation": {"angle": 0, "axis": "x", "origin": [15, 8, 28.25]},
			"faces": {
				"north": {"uv": [0, 0, 2, 1], "texture": "#0"},
				"east": {"uv": [0, 0, 3, 1], "texture": "#0"},
				"south": {"uv": [0, 0, 2, 1], "texture": "#0"},
				"west": {"uv": [0, 0, 3, 1], "texture": "#0"},
				"up": {"uv": [0, 0, 2, 3], "texture": "#0"},
				"down": {"uv": [0, 0, 2, 3], "texture": "#0"}
			}
		},
		{
			"from": [7, 6, 11.25],
			"to": [9, 8, 23.25],
			"rotation": {"angle": 0, "axis": "x", "origin": [15, 14, 26.25]},
			"faces": {
				"north": {"uv": [0, 0, 2, 2], "texture": "#0"},
				"east": {"uv": [0, 0, 12, 2], "texture": "#0"},
				"south": {"uv": [0, 0, 2, 2], "texture": "#0"},
				"west": {"uv": [0, 0, 12, 2], "texture": "#0"},
				"up": {"uv": [0, 0, 2, 12], "texture": "#0"},
				"down": {"uv": [0, 0, 2, 12], "texture": "#0"}
			}
		},
		{
			"from": [3, 8.5, 11.25],
			"to": [4.25, 10.5, 23.25],
			"rotation": {"angle": 22.5, "axis": "z", "origin": [11, 16.5, 26.25]},
			"faces": {
				"north": {"uv": [0, 0, 1.25, 2], "texture": "#0"},
				"east": {"uv": [0, 0, 12, 2], "texture": "#0"},
				"south": {"uv": [0, 0, 1.25, 2], "texture": "#0"},
				"west": {"uv": [0, 0, 12, 2], "texture": "#0"},
				"up": {"uv": [0, 0, 1.25, 12], "texture": "#0"},
				"down": {"uv": [0, 0, 1.25, 12], "texture": "#0"}
			}
		},
		{
			"from": [10.75, 3, 11.25],
			"to": [12, 5.25, 23.25],
			"rotation": {"angle": -22.5, "axis": "z", "origin": [18, 11, 26.25]},
			"faces": {
				"north": {"uv": [0, 0, 1.25, 2.25], "texture": "#0"},
				"east": {"uv": [0, 0, 12, 2.25], "texture": "#0"},
				"south": {"uv": [0, 0, 1.25, 2.25], "texture": "#0"},
				"west": {"uv": [0, 0, 12, 2.25], "texture": "#0"},
				"up": {"uv": [0, 0, 1.25, 12], "texture": "#0"},
				"down": {"uv": [0, 0, 1.25, 12], "texture": "#0"}
			}
		},
		{
			"from": [7.5, 6.5, 14.75],
			"to": [8.5, 8.5, 15.75],
			"rotation": {"angle": -22.5, "axis": "x", "origin": [15.5, 14.5, 22.75]},
			"faces": {
				"north": {"uv": [0, 0, 1, 2], "texture": "#1"},
				"east": {"uv": [0, 0, 1, 2], "texture": "#1"},
				"south": {"uv": [0, 0, 1, 2], "texture": "#1"},
				"west": {"uv": [0, 0, 1, 2], "texture": "#1"},
				"up": {"uv": [0, 0, 1, 1], "texture": "#1"},
				"down": {"uv": [0, 0, 1, 1], "texture": "#1"}
			}
		},
		{
			"from": [5, 3, 10],
			"to": [6, 8, 23],
			"rotation": {"angle": 0, "axis": "y", "origin": [13, 11, 23]},
			"faces": {
				"north": {"uv": [0, 0, 1, 5], "texture": "#2"},
				"east": {"uv": [0, 0, 13, 5], "texture": "#2"},
				"south": {"uv": [0, 0, 1, 5], "texture": "#2"},
				"west": {"uv": [0, 0, 13, 5], "texture": "#2"},
				"up": {"uv": [0, 0, 1, 13], "texture": "#2"},
				"down": {"uv": [0, 0, 1, 13], "texture": "#2"}
			}
		},
		{
			"from": [5, 3, 4],
			"to": [6, 5, 10],
			"rotation": {"angle": 0, "axis": "y", "origin": [13, 11, 10]},
			"faces": {
				"north": {"uv": [0, 0, 1, 2], "texture": "#2"},
				"east": {"uv": [0, 0, 6, 2], "texture": "#2"},
				"south": {"uv": [0, 0, 1, 2], "texture": "#2"},
				"west": {"uv": [0, 0, 6, 2], "texture": "#2"},
				"up": {"uv": [0, 0, 1, 6], "texture": "#2"},
				"down": {"uv": [0, 0, 1, 6], "texture": "#2"}
			}
		},
		{
			"from": [5.25, 5, 3],
			"to": [6, 8.5, 9],
			"rotation": {"angle": -22.5, "axis": "x", "origin": [13, 13, 9]},
			"faces": {
				"north": {"uv": [0, 0, 0.75, 3.5], "texture": "#2"},
				"east": {"uv": [0, 0, 6, 3.5], "texture": "#2"},
				"south": {"uv": [0, 0, 0.75, 3.5], "texture": "#2"},
				"west": {"uv": [0, 0, 6, 3.5], "texture": "#2"},
				"up": {"uv": [0, 0, 0.75, 6], "texture": "#2"},
				"down": {"uv": [0, 0, 0.75, 6], "texture": "#2"}
			}
		},
		{
			"from": [10, 5, 3],
			"to": [10.75, 8.5, 9],
			"rotation": {"angle": -22.5, "axis": "x", "origin": [17.75, 13, 9]},
			"faces": {
				"north": {"uv": [0, 0, 0.75, 3.5], "texture": "#2"},
				"east": {"uv": [0, 0, 6, 3.5], "texture": "#2"},
				"south": {"uv": [0, 0, 0.75, 3.5], "texture": "#2"},
				"west": {"uv": [0, 0, 6, 3.5], "texture": "#2"},
				"up": {"uv": [0, 0, 0.75, 6], "texture": "#2"},
				"down": {"uv": [0, 0, 0.75, 6], "texture": "#2"}
			}
		},
		{
			"from": [10, 3, 4],
			"to": [11, 5, 10],
			"rotation": {"angle": 0, "axis": "y", "origin": [18, 11, 10]},
			"faces": {
				"north": {"uv": [0, 0, 1, 2], "texture": "#2"},
				"east": {"uv": [0, 0, 6, 2], "texture": "#2"},
				"south": {"uv": [0, 0, 1, 2], "texture": "#2"},
				"west": {"uv": [0, 0, 6, 2], "texture": "#2"},
				"up": {"uv": [0, 0, 1, 6], "texture": "#2"},
				"down": {"uv": [0, 0, 1, 6], "texture": "#2"}
			}
		},
		{
			"from": [5.5, 6, 23],
			"to": [10.5, 9, 24],
			"rotation": {"angle": 0, "axis": "y", "origin": [14, 11, 36]},
			"faces": {
				"north": {"uv": [0, 0, 5, 3], "texture": "#2"},
				"east": {"uv": [0, 0, 1, 3], "texture": "#2"},
				"south": {"uv": [0, 0, 5, 3], "texture": "#2"},
				"west": {"uv": [0, 0, 1, 3], "texture": "#2"},
				"up": {"uv": [0, 0, 5, 1], "texture": "#2"},
				"down": {"uv": [0, 0, 5, 1], "texture": "#2"}
			}
		},
		{
			"from": [5.5, 4.5, 30.25],
			"to": [10.5, 7.5, 31.25],
			"rotation": {"angle": 0, "axis": "y", "origin": [14, 9.5, 43.25]},
			"faces": {
				"north": {"uv": [0, 0, 5, 3], "texture": "#2"},
				"east": {"uv": [0, 0, 1, 3], "texture": "#2"},
				"south": {"uv": [0, 0, 5, 3], "texture": "#2"},
				"west": {"uv": [0, 0, 1, 3], "texture": "#2"},
				"up": {"uv": [0, 0, 5, 1], "texture": "#2"},
				"down": {"uv": [0, 0, 5, 1], "texture": "#2"}
			}
		},
		{
			"from": [5, 6, 23],
			"to": [6, 7, 31],
			"rotation": {"angle": 0, "axis": "y", "origin": [13, 11, 36]},
			"faces": {
				"north": {"uv": [0, 0, 1, 1], "texture": "#2"},
				"east": {"uv": [0, 0, 8, 1], "texture": "#2"},
				"south": {"uv": [0, 0, 1, 1], "texture": "#2"},
				"west": {"uv": [0, 0, 8, 1], "texture": "#2"},
				"up": {"uv": [0, 0, 1, 8], "texture": "#2"},
				"down": {"uv": [0, 0, 1, 8], "texture": "#2"}
			}
		},
		{
			"from": [5.25, 3.25, 23],
			"to": [5.75, 4.25, 27.75],
			"rotation": {"angle": 22.5, "axis": "x", "origin": [13, 8.25, 34]},
			"faces": {
				"north": {"uv": [0, 0, 0.5, 1], "texture": "#2"},
				"east": {"uv": [0, 0, 4.75, 1], "texture": "#2"},
				"south": {"uv": [0, 0, 0.5, 1], "texture": "#2"},
				"west": {"uv": [0, 0, 4.75, 1], "texture": "#2"},
				"up": {"uv": [0, 0, 0.5, 4.75], "texture": "#2"},
				"down": {"uv": [0, 0, 0.5, 4.75], "texture": "#2"}
			}
		},
		{
			"from": [10.25, 3.25, 23],
			"to": [10.75, 4.25, 27.75],
			"rotation": {"angle": 22.5, "axis": "x", "origin": [18, 8.25, 34]},
			"faces": {
				"north": {"uv": [0, 0, 0.5, 1], "texture": "#2"},
				"east": {"uv": [0, 0, 4.75, 1], "texture": "#2"},
				"south": {"uv": [0, 0, 0.5, 1], "texture": "#2"},
				"west": {"uv": [0, 0, 4.75, 1], "texture": "#2"},
				"up": {"uv": [0, 0, 0.5, 4.75], "texture": "#2"},
				"down": {"uv": [0, 0, 0.5, 4.75], "texture": "#2"}
			}
		},
		{
			"from": [10, 6, 23],
			"to": [11, 7, 31],
			"rotation": {"angle": 0, "axis": "y", "origin": [18, 11, 36]},
			"faces": {
				"north": {"uv": [0, 0, 1, 1], "texture": "#2"},
				"east": {"uv": [0, 0, 8, 1], "texture": "#2"},
				"south": {"uv": [0, 0, 1, 1], "texture": "#2"},
				"west": {"uv": [0, 0, 8, 1], "texture": "#2"},
				"up": {"uv": [0, 0, 1, 8], "texture": "#2"},
				"down": {"uv": [0, 0, 1, 8], "texture": "#2"}
			}
		},
		{
			"from": [10, 3, 10],
			"to": [11, 8, 23],
			"rotation": {"angle": 0, "axis": "y", "origin": [18, 11, 23]},
			"faces": {
				"north": {"uv": [0, 0, 1, 5], "texture": "#2"},
				"east": {"uv": [0, 0, 13, 5], "texture": "#2"},
				"south": {"uv": [0, 0, 1, 5], "texture": "#2"},
				"west": {"uv": [0, 0, 13, 5], "texture": "#2"},
				"up": {"uv": [0, 0, 1, 13], "texture": "#2"},
				"down": {"uv": [0, 0, 1, 13], "texture": "#2"}
			}
		},
		{
			"from": [6, 3, 4],
			"to": [10, 4, 16],
			"rotation": {"angle": 0, "axis": "y", "origin": [18, 7, 23]},
			"faces": {
				"north": {"uv": [0, 0, 4, 1], "texture": "#2"},
				"east": {"uv": [0, 0, 12, 1], "texture": "#2"},
				"south": {"uv": [0, 0, 4, 1], "texture": "#2"},
				"west": {"uv": [0, 0, 12, 1], "texture": "#2"},
				"up": {"uv": [0, 0, 4, 12], "texture": "#2"},
				"down": {"uv": [0, 0, 4, 12], "texture": "#2"}
			}
		},
		{
			"from": [6, 4, 4],
			"to": [10, 5, 14],
			"rotation": {"angle": 0, "axis": "y", "origin": [18, 8, 23]},
			"faces": {
				"north": {"uv": [0, 0, 4, 1], "texture": "#2"},
				"east": {"uv": [0, 0, 10, 1], "texture": "#2"},
				"south": {"uv": [0, 0, 4, 1], "texture": "#2"},
				"west": {"uv": [0, 0, 10, 1], "texture": "#2"},
				"up": {"uv": [0, 0, 4, 10], "texture": "#2"},
				"down": {"uv": [0, 0, 4, 10], "texture": "#2"}
			}
		},
		{
			"from": [5.5, 3.25, 3],
			"to": [10.5, 6, 6],
			"rotation": {"angle": 0, "axis": "y", "origin": [18, 8, 13]},
			"faces": {
				"north": {"uv": [0, 0, 5, 2.75], "texture": "#2"},
				"east": {"uv": [0, 0, 3, 2.75], "texture": "#2"},
				"south": {"uv": [0, 0, 5, 2.75], "texture": "#2"},
				"west": {"uv": [0, 0, 3, 2.75], "texture": "#2"},
				"up": {"uv": [0, 0, 5, 3], "texture": "#2"},
				"down": {"uv": [0, 0, 5, 3], "texture": "#2"}
			}
		},
		{
			"from": [5.25, 6, 3],
			"to": [10.75, 6.5, 5.5],
			"rotation": {"angle": 0, "axis": "y", "origin": [18, 9, 13]},
			"faces": {
				"north": {"uv": [0, 0, 5.5, 0.5], "texture": "#2"},
				"east": {"uv": [0, 0, 2.5, 0.5], "texture": "#2"},
				"south": {"uv": [0, 0, 5.5, 0.5], "texture": "#2"},
				"west": {"uv": [0, 0, 2.5, 0.5], "texture": "#2"},
				"up": {"uv": [0, 0, 5.5, 2.5], "texture": "#2"},
				"down": {"uv": [0, 0, 5.5, 2.5], "texture": "#2"}
			}
		},
		{
			"from": [5.5, 6, 3],
			"to": [10.5, 7, 10],
			"rotation": {"angle": 0, "axis": "y", "origin": [18, 9, 13]},
			"faces": {
				"north": {"uv": [0, 0, 5, 1], "texture": "#6"},
				"east": {"uv": [0, 0, 7, 1], "texture": "#6"},
				"south": {"uv": [0, 0, 5, 1], "texture": "#6"},
				"west": {"uv": [0, 0, 7, 1], "texture": "#6"},
				"up": {"uv": [0, 0, 5, 7], "texture": "#6"},
				"down": {"uv": [0, 0, 5, 7], "texture": "#6"}
			}
		},
		{
			"from": [5, 3, 0],
			"to": [11, 9, 3],
			"rotation": {"angle": 0, "axis": "y", "origin": [18, 8, 10]},
			"faces": {
				"north": {"uv": [0, 0, 6, 6], "texture": "#2"},
				"east": {"uv": [0, 0, 3, 6], "texture": "#2"},
				"south": {"uv": [0, 0, 6, 6], "texture": "#2"},
				"west": {"uv": [0, 0, 3, 6], "texture": "#2"},
				"up": {"uv": [0, 0, 6, 3], "texture": "#2"},
				"down": {"uv": [0, 0, 6, 3], "texture": "#2"}
			}
		},
		{
			"from": [6.25, 4.25, -1.5],
			"to": [9.75, 7.75, 0],
			"rotation": {"angle": 0, "axis": "y", "origin": [18, 8, 7]},
			"faces": {
				"north": {"uv": [0, 0, 3.5, 3.5], "texture": "#5"},
				"east": {"uv": [0, 0, 1.5, 3.5], "texture": "#5"},
				"south": {"uv": [0, 0, 3.5, 3.5], "texture": "#5"},
				"west": {"uv": [0, 0, 1.5, 3.5], "texture": "#5"},
				"up": {"uv": [0, 0, 3.5, 1.5], "texture": "#5"},
				"down": {"uv": [0, 0, 3.5, 1.5], "texture": "#5"}
			}
		},
		{
			"from": [6.25, 4, -3],
			"to": [9.75, 4.25, 0],
			"rotation": {"angle": 0, "axis": "y", "origin": [18, 8.25, 7]},
			"faces": {
				"north": {"uv": [0, 0, 3.5, 0.25], "texture": "#2"},
				"east": {"uv": [0, 0, 3, 0.25], "texture": "#2"},
				"south": {"uv": [0, 0, 3.5, 0.25], "texture": "#2"},
				"west": {"uv": [0, 0, 3, 0.25], "texture": "#2"},
				"up": {"uv": [0, 0, 3.5, 3], "texture": "#2"},
				"down": {"uv": [0, 0, 3.5, 3], "texture": "#2"}
			}
		},
		{
			"from": [6.25, 7.75, -3],
			"to": [9.75, 8, 0],
			"rotation": {"angle": 0, "axis": "y", "origin": [18, 12, 7]},
			"faces": {
				"north": {"uv": [0, 0, 3.5, 0.25], "texture": "#2"},
				"east": {"uv": [0, 0, 3, 0.25], "texture": "#2"},
				"south": {"uv": [0, 0, 3.5, 0.25], "texture": "#2"},
				"west": {"uv": [0, 0, 3, 0.25], "texture": "#2"},
				"up": {"uv": [0, 0, 3.5, 3], "texture": "#2"},
				"down": {"uv": [0, 0, 3.5, 3], "texture": "#2"}
			}
		},
		{
			"from": [9.75, 4.25, -3],
			"to": [10, 7.75, 0],
			"rotation": {"angle": 0, "axis": "z", "origin": [14, -4, 7]},
			"faces": {
				"north": {"uv": [0, 0, 3.5, 0.25], "rotation": 270, "texture": "#2"},
				"east": {"uv": [0, 0, 3.5, 3], "rotation": 90, "texture": "#2"},
				"south": {"uv": [0, 0, 3.5, 0.25], "rotation": 90, "texture": "#2"},
				"west": {"uv": [0, 0, 3.5, 3], "rotation": 90, "texture": "#2"},
				"up": {"uv": [0, 0, 3, 0.25], "rotation": 90, "texture": "#2"},
				"down": {"uv": [0, 0, 3, 0.25], "rotation": 90, "texture": "#2"}
			}
		},
		{
			"from": [6, 4.25, -3],
			"to": [6.25, 7.75, 0],
			"rotation": {"angle": 0, "axis": "z", "origin": [10.25, -4, 7]},
			"faces": {
				"north": {"uv": [0, 0, 3.5, 0.25], "rotation": 270, "texture": "#2"},
				"east": {"uv": [0, 0, 3.5, 3], "rotation": 90, "texture": "#2"},
				"south": {"uv": [0, 0, 3.5, 0.25], "rotation": 90, "texture": "#2"},
				"west": {"uv": [0, 0, 3.5, 3], "rotation": 90, "texture": "#2"},
				"up": {"uv": [0, 0, 3, 0.25], "rotation": 90, "texture": "#2"},
				"down": {"uv": [0, 0, 3, 0.25], "rotation": 90, "texture": "#2"}
			}
		},
		{
			"from": [6, 5, 10],
			"to": [10, 8, 11],
			"rotation": {"angle": 0, "axis": "y", "origin": [18, 9, 24]},
			"faces": {
				"north": {"uv": [0, 0, 4, 3], "texture": "#3"},
				"east": {"uv": [0, 0, 1, 3], "texture": "#3"},
				"south": {"uv": [0, 0, 4, 3], "texture": "#3"},
				"west": {"uv": [0, 0, 1, 3], "texture": "#3"},
				"up": {"uv": [0, 0, 4, 1], "texture": "#3"},
				"down": {"uv": [0, 0, 4, 1], "texture": "#3"}
			}
		},
		{
			"from": [5, 8, 10],
			"to": [11, 9, 23],
			"rotation": {"angle": 0, "axis": "y", "origin": [18, 16, 23]},
			"faces": {
				"north": {"uv": [0, 0, 6, 1], "texture": "#2"},
				"east": {"uv": [0, 0, 13, 1], "texture": "#2"},
				"south": {"uv": [0, 0, 6, 1], "texture": "#2"},
				"west": {"uv": [0, 0, 13, 1], "texture": "#2"},
				"up": {"uv": [0, 0, 6, 13], "texture": "#2"},
				"down": {"uv": [0, 0, 6, 13], "texture": "#2"}
			}
		},
		{
			"from": [5.25, 3.25, -6],
			"to": [6, 4, 0],
			"rotation": {"angle": 0, "axis": "y", "origin": [13, 11, 7]},
			"faces": {
				"north": {"uv": [0, 0, 0.75, 0.75], "texture": "#4"},
				"east": {"uv": [0, 0, 6, 0.75], "texture": "#4"},
				"south": {"uv": [0, 0, 0.75, 0.75], "texture": "#4"},
				"west": {"uv": [0, 0, 6, 0.75], "texture": "#4"},
				"up": {"uv": [0, 0, 0.75, 6], "texture": "#4"},
				"down": {"uv": [0, 0, 0.75, 6], "texture": "#4"}
			}
		},
		{
			"from": [7.5, 8.25, -6],
			"to": [8.25, 9, 0],
			"rotation": {"angle": 0, "axis": "y", "origin": [15.25, 16, 7]},
			"faces": {
				"north": {"uv": [0, 0, 0.75, 0.75], "texture": "#4"},
				"east": {"uv": [0, 0, 6, 0.75], "texture": "#4"},
				"south": {"uv": [0, 0, 0.75, 0.75], "texture": "#4"},
				"west": {"uv": [0, 0, 6, 0.75], "texture": "#4"},
				"up": {"uv": [0, 0, 0.75, 6], "texture": "#4"},
				"down": {"uv": [0, 0, 0.75, 6], "texture": "#4"}
			}
		},
		{
			"from": [10, 3.25, -6],
			"to": [10.75, 4, 0],
			"rotation": {"angle": 0, "axis": "y", "origin": [17.75, 11, 7]},
			"faces": {
				"north": {"uv": [0, 0, 0.75, 0.75], "texture": "#4"},
				"east": {"uv": [0, 0, 6, 0.75], "texture": "#4"},
				"south": {"uv": [0, 0, 0.75, 0.75], "texture": "#4"},
				"west": {"uv": [0, 0, 6, 0.75], "texture": "#4"},
				"up": {"uv": [0, 0, 0.75, 6], "texture": "#4"},
				"down": {"uv": [0, 0, 0.75, 6], "texture": "#4"}
			}
		},
		{
			"from": [3, 2.75, -9.5],
			"to": [5.75, 5.5, -6.75],
			"rotation": {"angle": 0, "axis": "y", "origin": [12, 10.25, -5.75]},
			"faces": {
				"north": {"uv": [0, 0, 2.75, 2.75], "texture": "#7"},
				"east": {"uv": [0, 0, 2.75, 2.75], "texture": "#7"},
				"south": {"uv": [0, 0, 2.75, 2.75], "texture": "#7"},
				"west": {"uv": [0, 0, 2.75, 2.75], "texture": "#7"},
				"up": {"uv": [0, 0, 2.75, 2.75], "texture": "#7"},
				"down": {"uv": [0, 0, 2.75, 2.75], "texture": "#7"}
			}
		},
		{
			"from": [6.25, 2.75, -9.5],
			"to": [9, 5.5, -6.75],
			"rotation": {"angle": 0, "axis": "y", "origin": [15.25, 10.25, -5.75]},
			"faces": {
				"north": {"uv": [0, 0, 2.75, 2.75], "texture": "#7"},
				"east": {"uv": [0, 0, 2.75, 2.75], "texture": "#7"},
				"south": {"uv": [0, 0, 2.75, 2.75], "texture": "#7"},
				"west": {"uv": [0, 0, 2.75, 2.75], "texture": "#7"},
				"up": {"uv": [0, 0, 2.75, 2.75], "texture": "#7"},
				"down": {"uv": [0, 0, 2.75, 2.75], "texture": "#7"}
			}
		},
		{
			"from": [6.25, 9.25, -9.5],
			"to": [9, 12, -6.75],
			"rotation": {"angle": 0, "axis": "y", "origin": [15.25, 16.75, -5.75]},
			"faces": {
				"north": {"uv": [0, 0, 2.75, 2.75], "texture": "#7"},
				"east": {"uv": [0, 0, 2.75, 2.75], "texture": "#7"},
				"south": {"uv": [0, 0, 2.75, 2.75], "texture": "#7"},
				"west": {"uv": [0, 0, 2.75, 2.75], "texture": "#7"},
				"up": {"uv": [0, 0, 2.75, 2.75], "texture": "#7"},
				"down": {"uv": [0, 0, 2.75, 2.75], "texture": "#7"}
			}
		},
		{
			"from": [9.5, 2.75, -9.5],
			"to": [12.25, 5.5, -6.75],
			"rotation": {"angle": 0, "axis": "y", "origin": [18.5, 10.25, -5.75]},
			"faces": {
				"north": {"uv": [0, 0, 2.75, 2.75], "texture": "#7"},
				"east": {"uv": [0, 0, 2.75, 2.75], "texture": "#7"},
				"south": {"uv": [0, 0, 2.75, 2.75], "texture": "#7"},
				"west": {"uv": [0, 0, 2.75, 2.75], "texture": "#7"},
				"up": {"uv": [0, 0, 2.75, 2.75], "texture": "#7"},
				"down": {"uv": [0, 0, 2.75, 2.75], "texture": "#7"}
			}
		},
		{
			"from": [9.5, 2.75, -16],
			"to": [12.25, 5.5, -13.25],
			"rotation": {"angle": 0, "axis": "y", "origin": [18.5, 10.25, -12.25]},
			"faces": {
				"north": {"uv": [0, 0, 2.75, 2.75], "texture": "#7"},
				"east": {"uv": [0, 0, 2.75, 2.75], "texture": "#7"},
				"south": {"uv": [0, 0, 2.75, 2.75], "texture": "#7"},
				"west": {"uv": [0, 0, 2.75, 2.75], "texture": "#7"},
				"up": {"uv": [0, 0, 2.75, 2.75], "texture": "#7"},
				"down": {"uv": [0, 0, 2.75, 2.75], "texture": "#7"}
			}
		},
		{
			"from": [6.25, 2.75, -16],
			"to": [9, 5.5, -13.25],
			"rotation": {"angle": 0, "axis": "y", "origin": [15.25, 10.25, -12.25]},
			"faces": {
				"north": {"uv": [0, 0, 2.75, 2.75], "texture": "#7"},
				"east": {"uv": [0, 0, 2.75, 2.75], "texture": "#7"},
				"south": {"uv": [0, 0, 2.75, 2.75], "texture": "#7"},
				"west": {"uv": [0, 0, 2.75, 2.75], "texture": "#7"},
				"up": {"uv": [0, 0, 2.75, 2.75], "texture": "#7"},
				"down": {"uv": [0, 0, 2.75, 2.75], "texture": "#7"}
			}
		},
		{
			"from": [9.5, 2.75, -12.75],
			"to": [12.25, 5.5, -10],
			"rotation": {"angle": 0, "axis": "y", "origin": [18.5, 10.25, -9]},
			"faces": {
				"north": {"uv": [0, 0, 2.75, 2.75], "texture": "#7"},
				"east": {"uv": [0, 0, 2.75, 2.75], "texture": "#7"},
				"south": {"uv": [0, 0, 2.75, 2.75], "texture": "#7"},
				"west": {"uv": [0, 0, 2.75, 2.75], "texture": "#7"},
				"up": {"uv": [0, 0, 2.75, 2.75], "texture": "#7"},
				"down": {"uv": [0, 0, 2.75, 2.75], "texture": "#7"}
			}
		},
		{
			"from": [9.5, 9.25, -12.75],
			"to": [12.25, 12, -10],
			"rotation": {"angle": 0, "axis": "y", "origin": [18.5, 16.75, -9]},
			"faces": {
				"north": {"uv": [0, 0, 2.75, 2.75], "texture": "#7"},
				"east": {"uv": [0, 0, 2.75, 2.75], "texture": "#7"},
				"south": {"uv": [0, 0, 2.75, 2.75], "texture": "#7"},
				"west": {"uv": [0, 0, 2.75, 2.75], "texture": "#7"},
				"up": {"uv": [0, 0, 2.75, 2.75], "texture": "#7"},
				"down": {"uv": [0, 0, 2.75, 2.75], "texture": "#7"}
			}
		},
		{
			"from": [3, 9.25, -9.5],
			"to": [5.75, 12, -6.75],
			"rotation": {"angle": 0, "axis": "y", "origin": [12, 17, -5.75]},
			"faces": {
				"north": {"uv": [0, 0, 2.75, 2.75], "texture": "#7"},
				"east": {"uv": [0, 0, 2.75, 2.75], "texture": "#7"},
				"south": {"uv": [0, 0, 2.75, 2.75], "texture": "#7"},
				"west": {"uv": [0, 0, 2.75, 2.75], "texture": "#7"},
				"up": {"uv": [0, 0, 2.75, 2.75], "texture": "#7"},
				"down": {"uv": [0, 0, 2.75, 2.75], "texture": "#7"}
			}
		},
		{
			"from": [9.5, 9.25, -9.5],
			"to": [12.25, 12, -6.75],
			"rotation": {"angle": 0, "axis": "y", "origin": [18.5, 17, -5.75]},
			"faces": {
				"north": {"uv": [0, 0, 2.75, 2.75], "texture": "#7"},
				"east": {"uv": [0, 0, 2.75, 2.75], "texture": "#7"},
				"south": {"uv": [0, 0, 2.75, 2.75], "texture": "#7"},
				"west": {"uv": [0, 0, 2.75, 2.75], "texture": "#7"},
				"up": {"uv": [0, 0, 2.75, 2.75], "texture": "#7"},
				"down": {"uv": [0, 0, 2.75, 2.75], "texture": "#7"}
			}
		},
		{
			"from": [9.5, 9.25, -16],
			"to": [12.25, 12, -13.25],
			"rotation": {"angle": 0, "axis": "y", "origin": [18.5, 17, -12.25]},
			"faces": {
				"north": {"uv": [0, 0, 2.75, 2.75], "texture": "#7"},
				"east": {"uv": [0, 0, 2.75, 2.75], "texture": "#7"},
				"south": {"uv": [0, 0, 2.75, 2.75], "texture": "#7"},
				"west": {"uv": [0, 0, 2.75, 2.75], "texture": "#7"},
				"up": {"uv": [0, 0, 2.75, 2.75], "texture": "#7"},
				"down": {"uv": [0, 0, 2.75, 2.75], "texture": "#7"}
			}
		},
		{
			"from": [6.25, 9.25, -16],
			"to": [9, 12, -13.25],
			"rotation": {"angle": 0, "axis": "y", "origin": [15.25, 17, -12.25]},
			"faces": {
				"north": {"uv": [0, 0, 2.75, 2.75], "texture": "#7"},
				"east": {"uv": [0, 0, 2.75, 2.75], "texture": "#7"},
				"south": {"uv": [0, 0, 2.75, 2.75], "texture": "#7"},
				"west": {"uv": [0, 0, 2.75, 2.75], "texture": "#7"},
				"up": {"uv": [0, 0, 2.75, 2.75], "texture": "#7"},
				"down": {"uv": [0, 0, 2.75, 2.75], "texture": "#7"}
			}
		},
		{
			"from": [3, 9.25, -16],
			"to": [5.75, 12, -13.25],
			"rotation": {"angle": 0, "axis": "y", "origin": [12, 17, -12.25]},
			"faces": {
				"north": {"uv": [0, 0, 2.75, 2.75], "texture": "#7"},
				"east": {"uv": [0, 0, 2.75, 2.75], "texture": "#7"},
				"south": {"uv": [0, 0, 2.75, 2.75], "texture": "#7"},
				"west": {"uv": [0, 0, 2.75, 2.75], "texture": "#7"},
				"up": {"uv": [0, 0, 2.75, 2.75], "texture": "#7"},
				"down": {"uv": [0, 0, 2.75, 2.75], "texture": "#7"}
			}
		},
		{
			"from": [3, 6, -9.5],
			"to": [5.75, 8.75, -6.75],
			"rotation": {"angle": 0, "axis": "y", "origin": [12, 13.75, -5.75]},
			"faces": {
				"north": {"uv": [0, 0, 2.75, 2.75], "texture": "#7"},
				"east": {"uv": [0, 0, 2.75, 2.75], "texture": "#7"},
				"south": {"uv": [0, 0, 2.75, 2.75], "texture": "#7"},
				"west": {"uv": [0, 0, 2.75, 2.75], "texture": "#7"},
				"up": {"uv": [0, 0, 2.75, 2.75], "texture": "#7"},
				"down": {"uv": [0, 0, 2.75, 2.75], "texture": "#7"}
			}
		},
		{
			"from": [9.5, 6, -9.5],
			"to": [12.25, 8.75, -6.75],
			"rotation": {"angle": 0, "axis": "y", "origin": [18.5, 13.75, -5.75]},
			"faces": {
				"north": {"uv": [0, 0, 2.75, 2.75], "texture": "#7"},
				"east": {"uv": [0, 0, 2.75, 2.75], "texture": "#7"},
				"south": {"uv": [0, 0, 2.75, 2.75], "texture": "#7"},
				"west": {"uv": [0, 0, 2.75, 2.75], "texture": "#7"},
				"up": {"uv": [0, 0, 2.75, 2.75], "texture": "#7"},
				"down": {"uv": [0, 0, 2.75, 2.75], "texture": "#7"}
			}
		},
		{
			"from": [9.5, 6, -16],
			"to": [12.25, 8.75, -13.25],
			"rotation": {"angle": 0, "axis": "y", "origin": [18.5, 13.75, -12.25]},
			"faces": {
				"north": {"uv": [0, 0, 2.75, 2.75], "texture": "#7"},
				"east": {"uv": [0, 0, 2.75, 2.75], "texture": "#7"},
				"south": {"uv": [0, 0, 2.75, 2.75], "texture": "#7"},
				"west": {"uv": [0, 0, 2.75, 2.75], "texture": "#7"},
				"up": {"uv": [0, 0, 2.75, 2.75], "texture": "#7"},
				"down": {"uv": [0, 0, 2.75, 2.75], "texture": "#7"}
			}
		},
		{
			"from": [3, 6, -16],
			"to": [5.75, 8.75, -13.25],
			"rotation": {"angle": 0, "axis": "y", "origin": [12, 13.75, -12.25]},
			"faces": {
				"north": {"uv": [0, 0, 2.75, 2.75], "texture": "#7"},
				"east": {"uv": [0, 0, 2.75, 2.75], "texture": "#7"},
				"south": {"uv": [0, 0, 2.75, 2.75], "texture": "#7"},
				"west": {"uv": [0, 0, 2.75, 2.75], "texture": "#7"},
				"up": {"uv": [0, 0, 2.75, 2.75], "texture": "#7"},
				"down": {"uv": [0, 0, 2.75, 2.75], "texture": "#7"}
			}
		},
		{
			"from": [3, 2.75, -12.75],
			"to": [5.75, 5.5, -10],
			"rotation": {"angle": 0, "axis": "y", "origin": [12, 10.25, -9]},
			"faces": {
				"north": {"uv": [0, 0, 2.75, 2.75], "texture": "#7"},
				"east": {"uv": [0, 0, 2.75, 2.75], "texture": "#7"},
				"south": {"uv": [0, 0, 2.75, 2.75], "texture": "#7"},
				"west": {"uv": [0, 0, 2.75, 2.75], "texture": "#7"},
				"up": {"uv": [0, 0, 2.75, 2.75], "texture": "#7"},
				"down": {"uv": [0, 0, 2.75, 2.75], "texture": "#7"}
			}
		},
		{
			"from": [3, 9.25, -12.75],
			"to": [5.75, 12, -10],
			"rotation": {"angle": 0, "axis": "y", "origin": [12, 16.75, -9]},
			"faces": {
				"north": {"uv": [0, 0, 2.75, 2.75], "texture": "#7"},
				"east": {"uv": [0, 0, 2.75, 2.75], "texture": "#7"},
				"south": {"uv": [0, 0, 2.75, 2.75], "texture": "#7"},
				"west": {"uv": [0, 0, 2.75, 2.75], "texture": "#7"},
				"up": {"uv": [0, 0, 2.75, 2.75], "texture": "#7"},
				"down": {"uv": [0, 0, 2.75, 2.75], "texture": "#7"}
			}
		},
		{
			"from": [3, 2.75, -16],
			"to": [5.75, 5.5, -13.25],
			"rotation": {"angle": 0, "axis": "y", "origin": [12, 10.25, -12.25]},
			"faces": {
				"north": {"uv": [0, 0, 2.75, 2.75], "texture": "#7"},
				"east": {"uv": [0, 0, 2.75, 2.75], "texture": "#7"},
				"south": {"uv": [0, 0, 2.75, 2.75], "texture": "#7"},
				"west": {"uv": [0, 0, 2.75, 2.75], "texture": "#7"},
				"up": {"uv": [0, 0, 2.75, 2.75], "texture": "#7"},
				"down": {"uv": [0, 0, 2.75, 2.75], "texture": "#7"}
			}
		},
		{
			"from": [3.25, 3, -15.75],
			"to": [12, 11.75, -7],
			"rotation": {"angle": 0, "axis": "y", "origin": [12.25, 11, -6]},
			"faces": {
				"north": {"uv": [0, 0, 8.75, 8.75], "texture": "#8"},
				"east": {"uv": [0, 0, 8.75, 8.75], "texture": "#8"},
				"south": {"uv": [0, 0, 8.75, 8.75], "texture": "#8"},
				"west": {"uv": [0, 0, 8.75, 8.75], "texture": "#8"},
				"up": {"uv": [0, 0, 8.75, 8.75], "texture": "#8"},
				"down": {"uv": [0, 0, 8.75, 8.75], "texture": "#8"}
			}
		}
	],
	"display": {
		"thirdperson_righthand": {
			"translation": [0, 1, 1.75],
			"scale": [0.5, 0.5, 0.5]
		},
		"firstperson_righthand": {
			"translation": [5.25, 0, 1]
		},
		"ground": {
			"translation": [0, 3, 0],
			"scale": [0.8, 0.8, 0.8]
		},
		"gui": {
			"rotation": [28, 135, 0],
			"translation": [3.5, 3, 0],
			"scale": [0.84, 0.84, 0.84]
		}
	}
}
