{
	"credit": "Made with Blockbench, by Der_Bejijing",
	"texture_size": [32, 32],
	"textures": {
		"0": "block/texture_server/texture_feet",
		"1": "block/texture_server/texture_case",
		"2": "block/texture_server/texture_rack_side",
		"3": "block/texture_server/texture_rack_front",
		"4": "block/texture_server/texture_rack_back",
		"5": "block/texture_server/texture_power_plug",
		"6": "block/texture_server/texture_vga",
		"7": "block/texture_server/texture_net_port",
		"8": "block/texture_server/texture_net_port_up",
		"9": "block/texture_server/texture_net_signal_green",
		"10": "block/texture_server/texture_net_signal_orange",
		"11": "block/texture_server/texture_usb_port",
		"particle": "block/texture_server/texture_feet"
	},
	"elements": [
		{
			"from": [0, 0, 0.5],
			"to": [1, 0.75, 3.5],
			"rotation": {"angle": 0, "axis": "y", "origin": [8, 8, 8.5]},
			"faces": {
				"north": {"uv": [0, 0, 0.5, 0.375], "texture": "#0"},
				"east": {"uv": [0, 0, 1.5, 0.375], "texture": "#0"},
				"south": {"uv": [0, 0, 0.5, 0.375], "texture": "#0"},
				"west": {"uv": [0, 0, 1.5, 0.375], "texture": "#0"},
				"up": {"uv": [0, 0, 0.5, 1.5], "texture": "#0"},
				"down": {"uv": [0, 0, 0.5, 1.5], "texture": "#0"}
			}
		},
		{
			"from": [0, 4, 0.5],
			"to": [1, 4.75, 3.5],
			"rotation": {"angle": 0, "axis": "y", "origin": [8, 12, 8.5]},
			"faces": {
				"north": {"uv": [0, 0, 0.5, 0.375], "texture": "#0"},
				"east": {"uv": [0, 0, 1.5, 0.375], "texture": "#0"},
				"south": {"uv": [0, 0, 0.5, 0.375], "texture": "#0"},
				"west": {"uv": [0, 0, 1.5, 0.375], "texture": "#0"},
				"up": {"uv": [0, 0, 0.5, 1.5], "texture": "#0"},
				"down": {"uv": [0, 0, 0.5, 1.5], "texture": "#0"}
			}
		},
		{
			"from": [0, 8, 0.5],
			"to": [1, 8.75, 3.5],
			"rotation": {"angle": 0, "axis": "y", "origin": [8, 16, 8.5]},
			"faces": {
				"north": {"uv": [0, 0, 0.5, 0.375], "texture": "#0"},
				"east": {"uv": [0, 0, 1.5, 0.375], "texture": "#0"},
				"south": {"uv": [0, 0, 0.5, 0.375], "texture": "#0"},
				"west": {"uv": [0, 0, 1.5, 0.375], "texture": "#0"},
				"up": {"uv": [0, 0, 0.5, 1.5], "texture": "#0"},
				"down": {"uv": [0, 0, 0.5, 1.5], "texture": "#0"}
			}
		},
		{
			"from": [0, 12, 0.5],
			"to": [1, 12.75, 3.5],
			"rotation": {"angle": 0, "axis": "y", "origin": [8, 20, 8.5]},
			"faces": {
				"north": {"uv": [0, 0, 0.5, 0.375], "texture": "#0"},
				"east": {"uv": [0, 0, 1.5, 0.375], "texture": "#0"},
				"south": {"uv": [0, 0, 0.5, 0.375], "texture": "#0"},
				"west": {"uv": [0, 0, 1.5, 0.375], "texture": "#0"},
				"up": {"uv": [0, 0, 0.5, 1.5], "texture": "#0"},
				"down": {"uv": [0, 0, 0.5, 1.5], "texture": "#0"}
			}
		},
		{
			"from": [0, 0.75, 0],
			"to": [1, 1, 16],
			"rotation": {"angle": 0, "axis": "y", "origin": [8, 8.75, 8]},
			"faces": {
				"north": {"uv": [0, 0, 0.5, 0.125], "texture": "#1"},
				"east": {"uv": [0, 0, 8, 0.125], "texture": "#1"},
				"south": {"uv": [0, 0, 0.5, 0.125], "texture": "#1"},
				"west": {"uv": [0, 0, 8, 0.125], "texture": "#1"},
				"up": {"uv": [0, 0, 0.5, 8], "texture": "#1"},
				"down": {"uv": [0, 0, 0.5, 8], "texture": "#1"}
			}
		},
		{
			"from": [0, 4.75, 0],
			"to": [1, 5, 16],
			"rotation": {"angle": 0, "axis": "y", "origin": [8, 12.75, 8]},
			"faces": {
				"north": {"uv": [0, 0, 0.5, 0.125], "texture": "#1"},
				"east": {"uv": [0, 0, 8, 0.125], "texture": "#1"},
				"south": {"uv": [0, 0, 0.5, 0.125], "texture": "#1"},
				"west": {"uv": [0, 0, 8, 0.125], "texture": "#1"},
				"up": {"uv": [0, 0, 0.5, 8], "texture": "#1"},
				"down": {"uv": [0, 0, 0.5, 8], "texture": "#1"}
			}
		},
		{
			"from": [0, 8.75, 0],
			"to": [1, 9, 16],
			"rotation": {"angle": 0, "axis": "y", "origin": [8, 16.75, 8]},
			"faces": {
				"north": {"uv": [0, 0, 0.5, 0.125], "texture": "#1"},
				"east": {"uv": [0, 0, 8, 0.125], "texture": "#1"},
				"south": {"uv": [0, 0, 0.5, 0.125], "texture": "#1"},
				"west": {"uv": [0, 0, 8, 0.125], "texture": "#1"},
				"up": {"uv": [0, 0, 0.5, 8], "texture": "#1"},
				"down": {"uv": [0, 0, 0.5, 8], "texture": "#1"}
			}
		},
		{
			"from": [0, 12.75, 0],
			"to": [1, 13, 16],
			"rotation": {"angle": 0, "axis": "y", "origin": [8, 20.75, 8]},
			"faces": {
				"north": {"uv": [0, 0, 0.5, 0.125], "texture": "#1"},
				"east": {"uv": [0, 0, 8, 0.125], "texture": "#1"},
				"south": {"uv": [0, 0, 0.5, 0.125], "texture": "#1"},
				"west": {"uv": [0, 0, 8, 0.125], "texture": "#1"},
				"up": {"uv": [0, 0, 0.5, 8], "texture": "#1"},
				"down": {"uv": [0, 0, 0.5, 8], "texture": "#1"}
			}
		},
		{
			"from": [0, 1, 0],
			"to": [1, 3.75, 0.25],
			"rotation": {"angle": 0, "axis": "y", "origin": [8, 9, 8]},
			"faces": {
				"north": {"uv": [0, 0, 0.5, 1.375], "texture": "#1"},
				"east": {"uv": [0, 0, 0.125, 1.375], "texture": "#1"},
				"south": {"uv": [0, 0, 0.5, 1.375], "texture": "#1"},
				"west": {"uv": [0, 0, 0.125, 1.375], "texture": "#1"},
				"up": {"uv": [0, 0, 0.5, 0.125], "texture": "#1"},
				"down": {"uv": [0, 0, 0.5, 0.125], "texture": "#1"}
			}
		},
		{
			"from": [0, 5, 0],
			"to": [1, 7.75, 0.25],
			"rotation": {"angle": 0, "axis": "y", "origin": [8, 13, 8]},
			"faces": {
				"north": {"uv": [0, 0, 0.5, 1.375], "texture": "#1"},
				"east": {"uv": [0, 0, 0.125, 1.375], "texture": "#1"},
				"south": {"uv": [0, 0, 0.5, 1.375], "texture": "#1"},
				"west": {"uv": [0, 0, 0.125, 1.375], "texture": "#1"},
				"up": {"uv": [0, 0, 0.5, 0.125], "texture": "#1"},
				"down": {"uv": [0, 0, 0.5, 0.125], "texture": "#1"}
			}
		},
		{
			"from": [0, 9, 0],
			"to": [1, 11.75, 0.25],
			"rotation": {"angle": 0, "axis": "y", "origin": [8, 17, 8]},
			"faces": {
				"north": {"uv": [0, 0, 0.5, 1.375], "texture": "#1"},
				"east": {"uv": [0, 0, 0.125, 1.375], "texture": "#1"},
				"south": {"uv": [0, 0, 0.5, 1.375], "texture": "#1"},
				"west": {"uv": [0, 0, 0.125, 1.375], "texture": "#1"},
				"up": {"uv": [0, 0, 0.5, 0.125], "texture": "#1"},
				"down": {"uv": [0, 0, 0.5, 0.125], "texture": "#1"}
			}
		},
		{
			"from": [0, 13, 0],
			"to": [1, 15.75, 0.25],
			"rotation": {"angle": 0, "axis": "y", "origin": [8, 21, 8]},
			"faces": {
				"north": {"uv": [0, 0, 0.5, 1.375], "texture": "#1"},
				"east": {"uv": [0, 0, 0.125, 1.375], "texture": "#1"},
				"south": {"uv": [0, 0, 0.5, 1.375], "texture": "#1"},
				"west": {"uv": [0, 0, 0.125, 1.375], "texture": "#1"},
				"up": {"uv": [0, 0, 0.5, 0.125], "texture": "#1"},
				"down": {"uv": [0, 0, 0.5, 0.125], "texture": "#1"}
			}
		},
		{
			"from": [0, 1, 15],
			"to": [1, 3.75, 15.25],
			"rotation": {"angle": 0, "axis": "y", "origin": [8, 9, 23]},
			"faces": {
				"north": {"uv": [0, 0, 0.5, 1.375], "texture": "#1"},
				"east": {"uv": [0, 0, 0.125, 1.375], "texture": "#1"},
				"south": {"uv": [0, 0, 0.5, 1.375], "texture": "#1"},
				"west": {"uv": [0, 0, 0.125, 1.375], "texture": "#1"},
				"up": {"uv": [0, 0, 0.5, 0.125], "texture": "#1"},
				"down": {"uv": [0, 0, 0.5, 0.125], "texture": "#1"}
			}
		},
		{
			"from": [0, 5, 15],
			"to": [1, 7.75, 15.25],
			"rotation": {"angle": 0, "axis": "y", "origin": [8, 13, 23]},
			"faces": {
				"north": {"uv": [0, 0, 0.5, 1.375], "texture": "#1"},
				"east": {"uv": [0, 0, 0.125, 1.375], "texture": "#1"},
				"south": {"uv": [0, 0, 0.5, 1.375], "texture": "#1"},
				"west": {"uv": [0, 0, 0.125, 1.375], "texture": "#1"},
				"up": {"uv": [0, 0, 0.5, 0.125], "texture": "#1"},
				"down": {"uv": [0, 0, 0.5, 0.125], "texture": "#1"}
			}
		},
		{
			"from": [0, 9, 15],
			"to": [1, 11.75, 15.25],
			"rotation": {"angle": 0, "axis": "y", "origin": [8, 17, 23]},
			"faces": {
				"north": {"uv": [0, 0, 0.5, 1.375], "texture": "#1"},
				"east": {"uv": [0, 0, 0.125, 1.375], "texture": "#1"},
				"south": {"uv": [0, 0, 0.5, 1.375], "texture": "#1"},
				"west": {"uv": [0, 0, 0.125, 1.375], "texture": "#1"},
				"up": {"uv": [0, 0, 0.5, 0.125], "texture": "#1"},
				"down": {"uv": [0, 0, 0.5, 0.125], "texture": "#1"}
			}
		},
		{
			"from": [0, 13, 15],
			"to": [1, 15.75, 15.25],
			"rotation": {"angle": 0, "axis": "y", "origin": [8, 21, 23]},
			"faces": {
				"north": {"uv": [0, 0, 0.5, 1.375], "texture": "#1"},
				"east": {"uv": [0, 0, 0.125, 1.375], "texture": "#1"},
				"south": {"uv": [0, 0, 0.5, 1.375], "texture": "#1"},
				"west": {"uv": [0, 0, 0.125, 1.375], "texture": "#1"},
				"up": {"uv": [0, 0, 0.5, 0.125], "texture": "#1"},
				"down": {"uv": [0, 0, 0.5, 0.125], "texture": "#1"}
			}
		},
		{
			"from": [15, 1, 15],
			"to": [16, 3.75, 15.25],
			"rotation": {"angle": 0, "axis": "y", "origin": [23, 9, 23]},
			"faces": {
				"north": {"uv": [0, 0, 0.5, 1.375], "texture": "#1"},
				"east": {"uv": [0, 0, 0.125, 1.375], "texture": "#1"},
				"south": {"uv": [0, 0, 0.5, 1.375], "texture": "#1"},
				"west": {"uv": [0, 0, 0.125, 1.375], "texture": "#1"},
				"up": {"uv": [0, 0, 0.5, 0.125], "texture": "#1"},
				"down": {"uv": [0, 0, 0.5, 0.125], "texture": "#1"}
			}
		},
		{
			"from": [15, 5, 15],
			"to": [16, 7.75, 15.25],
			"rotation": {"angle": 0, "axis": "y", "origin": [23, 13, 23]},
			"faces": {
				"north": {"uv": [0, 0, 0.5, 1.375], "texture": "#1"},
				"east": {"uv": [0, 0, 0.125, 1.375], "texture": "#1"},
				"south": {"uv": [0, 0, 0.5, 1.375], "texture": "#1"},
				"west": {"uv": [0, 0, 0.125, 1.375], "texture": "#1"},
				"up": {"uv": [0, 0, 0.5, 0.125], "texture": "#1"},
				"down": {"uv": [0, 0, 0.5, 0.125], "texture": "#1"}
			}
		},
		{
			"from": [15, 9, 15],
			"to": [16, 11.75, 15.25],
			"rotation": {"angle": 0, "axis": "y", "origin": [23, 17, 23]},
			"faces": {
				"north": {"uv": [0, 0, 0.5, 1.375], "texture": "#1"},
				"east": {"uv": [0, 0, 0.125, 1.375], "texture": "#1"},
				"south": {"uv": [0, 0, 0.5, 1.375], "texture": "#1"},
				"west": {"uv": [0, 0, 0.125, 1.375], "texture": "#1"},
				"up": {"uv": [0, 0, 0.5, 0.125], "texture": "#1"},
				"down": {"uv": [0, 0, 0.5, 0.125], "texture": "#1"}
			}
		},
		{
			"from": [15, 13, 15],
			"to": [16, 15.75, 15.25],
			"rotation": {"angle": 0, "axis": "y", "origin": [23, 21, 23]},
			"faces": {
				"north": {"uv": [0, 0, 0.5, 1.375], "texture": "#1"},
				"east": {"uv": [0, 0, 0.125, 1.375], "texture": "#1"},
				"south": {"uv": [0, 0, 0.5, 1.375], "texture": "#1"},
				"west": {"uv": [0, 0, 0.125, 1.375], "texture": "#1"},
				"up": {"uv": [0, 0, 0.5, 0.125], "texture": "#1"},
				"down": {"uv": [0, 0, 0.5, 0.125], "texture": "#1"}
			}
		},
		{
			"from": [15, 1, 0],
			"to": [16, 3.75, 0.25],
			"rotation": {"angle": 0, "axis": "y", "origin": [23, 9, 8]},
			"faces": {
				"north": {"uv": [0, 0, 0.5, 1.375], "texture": "#1"},
				"east": {"uv": [0, 0, 0.125, 1.375], "texture": "#1"},
				"south": {"uv": [0, 0, 0.5, 1.375], "texture": "#1"},
				"west": {"uv": [0, 0, 0.125, 1.375], "texture": "#1"},
				"up": {"uv": [0, 0, 0.5, 0.125], "texture": "#1"},
				"down": {"uv": [0, 0, 0.5, 0.125], "texture": "#1"}
			}
		},
		{
			"from": [15, 5, 0],
			"to": [16, 7.75, 0.25],
			"rotation": {"angle": 0, "axis": "y", "origin": [23, 13, 8]},
			"faces": {
				"north": {"uv": [0, 0, 0.5, 1.375], "texture": "#1"},
				"east": {"uv": [0, 0, 0.125, 1.375], "texture": "#1"},
				"south": {"uv": [0, 0, 0.5, 1.375], "texture": "#1"},
				"west": {"uv": [0, 0, 0.125, 1.375], "texture": "#1"},
				"up": {"uv": [0, 0, 0.5, 0.125], "texture": "#1"},
				"down": {"uv": [0, 0, 0.5, 0.125], "texture": "#1"}
			}
		},
		{
			"from": [15, 9, 0],
			"to": [16, 11.75, 0.25],
			"rotation": {"angle": 0, "axis": "y", "origin": [23, 17, 8]},
			"faces": {
				"north": {"uv": [0, 0, 0.5, 1.375], "texture": "#1"},
				"east": {"uv": [0, 0, 0.125, 1.375], "texture": "#1"},
				"south": {"uv": [0, 0, 0.5, 1.375], "texture": "#1"},
				"west": {"uv": [0, 0, 0.125, 1.375], "texture": "#1"},
				"up": {"uv": [0, 0, 0.5, 0.125], "texture": "#1"},
				"down": {"uv": [0, 0, 0.5, 0.125], "texture": "#1"}
			}
		},
		{
			"from": [15, 13, 0],
			"to": [16, 15.75, 0.25],
			"rotation": {"angle": 0, "axis": "y", "origin": [23, 21, 8]},
			"faces": {
				"north": {"uv": [0, 0, 0.5, 1.375], "texture": "#1"},
				"east": {"uv": [0, 0, 0.125, 1.375], "texture": "#1"},
				"south": {"uv": [0, 0, 0.5, 1.375], "texture": "#1"},
				"west": {"uv": [0, 0, 0.125, 1.375], "texture": "#1"},
				"up": {"uv": [0, 0, 0.5, 0.125], "texture": "#1"},
				"down": {"uv": [0, 0, 0.5, 0.125], "texture": "#1"}
			}
		},
		{
			"from": [15, 0.75, 0],
			"to": [16, 1, 16],
			"rotation": {"angle": 0, "axis": "y", "origin": [23, 8.75, 8]},
			"faces": {
				"north": {"uv": [0, 0, 0.5, 0.125], "texture": "#1"},
				"east": {"uv": [0, 0, 8, 0.125], "texture": "#1"},
				"south": {"uv": [0, 0, 0.5, 0.125], "texture": "#1"},
				"west": {"uv": [0, 0, 8, 0.125], "texture": "#1"},
				"up": {"uv": [0, 0, 0.5, 8], "texture": "#1"},
				"down": {"uv": [0, 0, 0.5, 8], "texture": "#1"}
			}
		},
		{
			"from": [15, 4.75, 0],
			"to": [16, 5, 16],
			"rotation": {"angle": 0, "axis": "y", "origin": [23, 12.75, 8]},
			"faces": {
				"north": {"uv": [0, 0, 0.5, 0.125], "texture": "#1"},
				"east": {"uv": [0, 0, 8, 0.125], "texture": "#1"},
				"south": {"uv": [0, 0, 0.5, 0.125], "texture": "#1"},
				"west": {"uv": [0, 0, 8, 0.125], "texture": "#1"},
				"up": {"uv": [0, 0, 0.5, 8], "texture": "#1"},
				"down": {"uv": [0, 0, 0.5, 8], "texture": "#1"}
			}
		},
		{
			"from": [15, 8.75, 0],
			"to": [16, 9, 16],
			"rotation": {"angle": 0, "axis": "y", "origin": [23, 16.75, 8]},
			"faces": {
				"north": {"uv": [0, 0, 0.5, 0.125], "texture": "#1"},
				"east": {"uv": [0, 0, 8, 0.125], "texture": "#1"},
				"south": {"uv": [0, 0, 0.5, 0.125], "texture": "#1"},
				"west": {"uv": [0, 0, 8, 0.125], "texture": "#1"},
				"up": {"uv": [0, 0, 0.5, 8], "texture": "#1"},
				"down": {"uv": [0, 0, 0.5, 8], "texture": "#1"}
			}
		},
		{
			"from": [15, 12.75, 0],
			"to": [16, 13, 16],
			"rotation": {"angle": 0, "axis": "y", "origin": [23, 20.75, 8]},
			"faces": {
				"north": {"uv": [0, 0, 0.5, 0.125], "texture": "#1"},
				"east": {"uv": [0, 0, 8, 0.125], "texture": "#1"},
				"south": {"uv": [0, 0, 0.5, 0.125], "texture": "#1"},
				"west": {"uv": [0, 0, 8, 0.125], "texture": "#1"},
				"up": {"uv": [0, 0, 0.5, 8], "texture": "#1"},
				"down": {"uv": [0, 0, 0.5, 8], "texture": "#1"}
			}
		},
		{
			"from": [15, 3.75, 0],
			"to": [16, 4, 16],
			"rotation": {"angle": 0, "axis": "y", "origin": [23, 11.75, 8]},
			"faces": {
				"north": {"uv": [0, 0, 0.5, 0.125], "texture": "#1"},
				"east": {"uv": [0, 0, 8, 0.125], "texture": "#1"},
				"south": {"uv": [0, 0, 0.5, 0.125], "texture": "#1"},
				"west": {"uv": [0, 0, 8, 0.125], "texture": "#1"},
				"up": {"uv": [0, 0, 0.5, 8], "texture": "#1"},
				"down": {"uv": [0, 0, 0.5, 8], "texture": "#1"}
			}
		},
		{
			"from": [15, 7.75, 0],
			"to": [16, 8, 16],
			"rotation": {"angle": 0, "axis": "y", "origin": [23, 15.75, 8]},
			"faces": {
				"north": {"uv": [0, 0, 0.5, 0.125], "texture": "#1"},
				"east": {"uv": [0, 0, 8, 0.125], "texture": "#1"},
				"south": {"uv": [0, 0, 0.5, 0.125], "texture": "#1"},
				"west": {"uv": [0, 0, 8, 0.125], "texture": "#1"},
				"up": {"uv": [0, 0, 0.5, 8], "texture": "#1"},
				"down": {"uv": [0, 0, 0.5, 8], "texture": "#1"}
			}
		},
		{
			"from": [15, 11.75, 0],
			"to": [16, 12, 16],
			"rotation": {"angle": 0, "axis": "y", "origin": [23, 19.75, 8]},
			"faces": {
				"north": {"uv": [0, 0, 0.5, 0.125], "texture": "#1"},
				"east": {"uv": [0, 0, 8, 0.125], "texture": "#1"},
				"south": {"uv": [0, 0, 0.5, 0.125], "texture": "#1"},
				"west": {"uv": [0, 0, 8, 0.125], "texture": "#1"},
				"up": {"uv": [0, 0, 0.5, 8], "texture": "#1"},
				"down": {"uv": [0, 0, 0.5, 8], "texture": "#1"}
			}
		},
		{
			"from": [15, 15.75, 0],
			"to": [16, 16, 16],
			"rotation": {"angle": 0, "axis": "y", "origin": [23, 23.75, 8]},
			"faces": {
				"north": {"uv": [0, 0, 0.5, 0.125], "texture": "#1"},
				"east": {"uv": [0, 0, 8, 0.125], "texture": "#1"},
				"south": {"uv": [0, 0, 0.5, 0.125], "texture": "#1"},
				"west": {"uv": [0, 0, 8, 0.125], "texture": "#1"},
				"up": {"uv": [0, 0, 0.5, 8], "texture": "#1"},
				"down": {"uv": [0, 0, 0.5, 8], "texture": "#1"}
			}
		},
		{
			"from": [0, 3.75, 0],
			"to": [1, 4, 16],
			"rotation": {"angle": 0, "axis": "y", "origin": [8, 11.75, 8]},
			"faces": {
				"north": {"uv": [0, 0, 0.5, 0.125], "texture": "#1"},
				"east": {"uv": [0, 0, 8, 0.125], "texture": "#1"},
				"south": {"uv": [0, 0, 0.5, 0.125], "texture": "#1"},
				"west": {"uv": [0, 0, 8, 0.125], "texture": "#1"},
				"up": {"uv": [0, 0, 0.5, 8], "texture": "#1"},
				"down": {"uv": [0, 0, 0.5, 8], "texture": "#1"}
			}
		},
		{
			"from": [0, 7.75, 0],
			"to": [1, 8, 16],
			"rotation": {"angle": 0, "axis": "y", "origin": [8, 15.75, 8]},
			"faces": {
				"north": {"uv": [0, 0, 0.5, 0.125], "texture": "#1"},
				"east": {"uv": [0, 0, 8, 0.125], "texture": "#1"},
				"south": {"uv": [0, 0, 0.5, 0.125], "texture": "#1"},
				"west": {"uv": [0, 0, 8, 0.125], "texture": "#1"},
				"up": {"uv": [0, 0, 0.5, 8], "texture": "#1"},
				"down": {"uv": [0, 0, 0.5, 8], "texture": "#1"}
			}
		},
		{
			"from": [0, 11.75, 0],
			"to": [1, 12, 16],
			"rotation": {"angle": 0, "axis": "y", "origin": [8, 19.75, 8]},
			"faces": {
				"north": {"uv": [0, 0, 0.5, 0.125], "texture": "#1"},
				"east": {"uv": [0, 0, 8, 0.125], "texture": "#1"},
				"south": {"uv": [0, 0, 0.5, 0.125], "texture": "#1"},
				"west": {"uv": [0, 0, 8, 0.125], "texture": "#1"},
				"up": {"uv": [0, 0, 0.5, 8], "texture": "#1"},
				"down": {"uv": [0, 0, 0.5, 8], "texture": "#1"}
			}
		},
		{
			"from": [0, 15.75, 0],
			"to": [1, 16, 16],
			"rotation": {"angle": 0, "axis": "y", "origin": [8, 23.75, 8]},
			"faces": {
				"north": {"uv": [0, 0, 0.5, 0.125], "texture": "#1"},
				"east": {"uv": [0, 0, 8, 0.125], "texture": "#1"},
				"south": {"uv": [0, 0, 0.5, 0.125], "texture": "#1"},
				"west": {"uv": [0, 0, 8, 0.125], "texture": "#1"},
				"up": {"uv": [0, 0, 0.5, 8], "texture": "#1"},
				"down": {"uv": [0, 0, 0.5, 8], "texture": "#1"}
			}
		},
		{
			"from": [1, 0.75, 1],
			"to": [15, 1, 16],
			"rotation": {"angle": 0, "axis": "y", "origin": [22, 8.75, -6]},
			"faces": {
				"north": {"uv": [0, 0, 7, 0.125], "texture": "#1"},
				"east": {"uv": [0, 0, 7.5, 0.125], "texture": "#1"},
				"south": {"uv": [0, 0, 7, 0.125], "texture": "#1"},
				"west": {"uv": [0, 0, 7.5, 0.125], "texture": "#1"},
				"up": {"uv": [0, 0, 7, 7.5], "texture": "#1"},
				"down": {"uv": [0, 0, 7, 7.5], "texture": "#1"}
			}
		},
		{
			"from": [1, 4.75, 1],
			"to": [15, 5, 16],
			"rotation": {"angle": 0, "axis": "y", "origin": [22, 12.75, -6]},
			"faces": {
				"north": {"uv": [0, 0, 7, 0.125], "texture": "#1"},
				"east": {"uv": [0, 0, 7.5, 0.125], "texture": "#1"},
				"south": {"uv": [0, 0, 7, 0.125], "texture": "#1"},
				"west": {"uv": [0, 0, 7.5, 0.125], "texture": "#1"},
				"up": {"uv": [0, 0, 7, 7.5], "texture": "#1"},
				"down": {"uv": [0, 0, 7, 7.5], "texture": "#1"}
			}
		},
		{
			"from": [1, 8.75, 1],
			"to": [15, 9, 16],
			"rotation": {"angle": 0, "axis": "y", "origin": [22, 16.75, -6]},
			"faces": {
				"north": {"uv": [0, 0, 7, 0.125], "texture": "#1"},
				"east": {"uv": [0, 0, 7.5, 0.125], "texture": "#1"},
				"south": {"uv": [0, 0, 7, 0.125], "texture": "#1"},
				"west": {"uv": [0, 0, 7.5, 0.125], "texture": "#1"},
				"up": {"uv": [0, 0, 7, 7.5], "texture": "#1"},
				"down": {"uv": [0, 0, 7, 7.5], "texture": "#1"}
			}
		},
		{
			"from": [1, 12.75, 1],
			"to": [15, 13, 16],
			"rotation": {"angle": 0, "axis": "y", "origin": [22, 20.75, -6]},
			"faces": {
				"north": {"uv": [0, 0, 7, 0.125], "texture": "#1"},
				"east": {"uv": [0, 0, 7.5, 0.125], "texture": "#1"},
				"south": {"uv": [0, 0, 7, 0.125], "texture": "#1"},
				"west": {"uv": [0, 0, 7.5, 0.125], "texture": "#1"},
				"up": {"uv": [0, 0, 7, 7.5], "texture": "#1"},
				"down": {"uv": [0, 0, 7, 7.5], "texture": "#1"}
			}
		},
		{
			"from": [1, 3.75, 1],
			"to": [15, 4, 16],
			"rotation": {"angle": 0, "axis": "y", "origin": [22, 11.75, -6]},
			"faces": {
				"north": {"uv": [0, 0, 7, 0.125], "texture": "#1"},
				"east": {"uv": [0, 0, 7.5, 0.125], "texture": "#1"},
				"south": {"uv": [0, 0, 7, 0.125], "texture": "#1"},
				"west": {"uv": [0, 0, 7.5, 0.125], "texture": "#1"},
				"up": {"uv": [0, 0, 7, 7.5], "texture": "#1"},
				"down": {"uv": [0, 0, 7, 7.5], "texture": "#1"}
			}
		},
		{
			"from": [1, 7.75, 1],
			"to": [15, 8, 16],
			"rotation": {"angle": 0, "axis": "y", "origin": [22, 15.75, -6]},
			"faces": {
				"north": {"uv": [0, 0, 7, 0.125], "texture": "#1"},
				"east": {"uv": [0, 0, 7.5, 0.125], "texture": "#1"},
				"south": {"uv": [0, 0, 7, 0.125], "texture": "#1"},
				"west": {"uv": [0, 0, 7.5, 0.125], "texture": "#1"},
				"up": {"uv": [0, 0, 7, 7.5], "texture": "#1"},
				"down": {"uv": [0, 0, 7, 7.5], "texture": "#1"}
			}
		},
		{
			"from": [1, 11.75, 1],
			"to": [15, 12, 16],
			"rotation": {"angle": 0, "axis": "y", "origin": [22, 19.75, -6]},
			"faces": {
				"north": {"uv": [0, 0, 7, 0.125], "texture": "#1"},
				"east": {"uv": [0, 0, 7.5, 0.125], "texture": "#1"},
				"south": {"uv": [0, 0, 7, 0.125], "texture": "#1"},
				"west": {"uv": [0, 0, 7.5, 0.125], "texture": "#1"},
				"up": {"uv": [0, 0, 7, 7.5], "texture": "#1"},
				"down": {"uv": [0, 0, 7, 7.5], "texture": "#1"}
			}
		},
		{
			"from": [1, 15.75, 1],
			"to": [15, 16, 16],
			"rotation": {"angle": 0, "axis": "y", "origin": [22, 23.75, -6]},
			"faces": {
				"north": {"uv": [0, 0, 7, 0.125], "texture": "#1"},
				"east": {"uv": [0, 0, 7.5, 0.125], "texture": "#1"},
				"south": {"uv": [0, 0, 7, 0.125], "texture": "#1"},
				"west": {"uv": [0, 0, 7.5, 0.125], "texture": "#1"},
				"up": {"uv": [0, 0, 7, 7.5], "texture": "#1"},
				"down": {"uv": [0, 0, 7, 7.5], "texture": "#1"}
			}
		},
		{
			"from": [15, 0, 0.5],
			"to": [16, 0.75, 3.5],
			"rotation": {"angle": 0, "axis": "y", "origin": [23, 8, 8.5]},
			"faces": {
				"north": {"uv": [0, 0, 0.5, 0.375], "texture": "#0"},
				"east": {"uv": [0, 0, 1.5, 0.375], "texture": "#0"},
				"south": {"uv": [0, 0, 0.5, 0.375], "texture": "#0"},
				"west": {"uv": [0, 0, 1.5, 0.375], "texture": "#0"},
				"up": {"uv": [0, 0, 0.5, 1.5], "texture": "#0"},
				"down": {"uv": [0, 0, 0.5, 1.5], "texture": "#0"}
			}
		},
		{
			"from": [15, 4, 0.5],
			"to": [16, 4.75, 3.5],
			"rotation": {"angle": 0, "axis": "y", "origin": [23, 12, 8.5]},
			"faces": {
				"north": {"uv": [0, 0, 0.5, 0.375], "texture": "#0"},
				"east": {"uv": [0, 0, 1.5, 0.375], "texture": "#0"},
				"south": {"uv": [0, 0, 0.5, 0.375], "texture": "#0"},
				"west": {"uv": [0, 0, 1.5, 0.375], "texture": "#0"},
				"up": {"uv": [0, 0, 0.5, 1.5], "texture": "#0"},
				"down": {"uv": [0, 0, 0.5, 1.5], "texture": "#0"}
			}
		},
		{
			"from": [15, 8, 0.5],
			"to": [16, 8.75, 3.5],
			"rotation": {"angle": 0, "axis": "y", "origin": [23, 16, 8.5]},
			"faces": {
				"north": {"uv": [0, 0, 0.5, 0.375], "texture": "#0"},
				"east": {"uv": [0, 0, 1.5, 0.375], "texture": "#0"},
				"south": {"uv": [0, 0, 0.5, 0.375], "texture": "#0"},
				"west": {"uv": [0, 0, 1.5, 0.375], "texture": "#0"},
				"up": {"uv": [0, 0, 0.5, 1.5], "texture": "#0"},
				"down": {"uv": [0, 0, 0.5, 1.5], "texture": "#0"}
			}
		},
		{
			"from": [15, 12, 0.5],
			"to": [16, 12.75, 3.5],
			"rotation": {"angle": 0, "axis": "y", "origin": [23, 20, 8.5]},
			"faces": {
				"north": {"uv": [0, 0, 0.5, 0.375], "texture": "#0"},
				"east": {"uv": [0, 0, 1.5, 0.375], "texture": "#0"},
				"south": {"uv": [0, 0, 0.5, 0.375], "texture": "#0"},
				"west": {"uv": [0, 0, 1.5, 0.375], "texture": "#0"},
				"up": {"uv": [0, 0, 0.5, 1.5], "texture": "#0"},
				"down": {"uv": [0, 0, 0.5, 1.5], "texture": "#0"}
			}
		},
		{
			"from": [15, 0, 12.5],
			"to": [16, 0.75, 15.5],
			"rotation": {"angle": 0, "axis": "y", "origin": [23, 8, 20.5]},
			"faces": {
				"north": {"uv": [0, 0, 0.5, 0.375], "texture": "#0"},
				"east": {"uv": [0, 0, 1.5, 0.375], "texture": "#0"},
				"south": {"uv": [0, 0, 0.5, 0.375], "texture": "#0"},
				"west": {"uv": [0, 0, 1.5, 0.375], "texture": "#0"},
				"up": {"uv": [0, 0, 0.5, 1.5], "texture": "#0"},
				"down": {"uv": [0, 0, 0.5, 1.5], "texture": "#0"}
			}
		},
		{
			"from": [15, 4, 12.5],
			"to": [16, 4.75, 15.5],
			"rotation": {"angle": 0, "axis": "y", "origin": [23, 12, 20.5]},
			"faces": {
				"north": {"uv": [0, 0, 0.5, 0.375], "texture": "#0"},
				"east": {"uv": [0, 0, 1.5, 0.375], "texture": "#0"},
				"south": {"uv": [0, 0, 0.5, 0.375], "texture": "#0"},
				"west": {"uv": [0, 0, 1.5, 0.375], "texture": "#0"},
				"up": {"uv": [0, 0, 0.5, 1.5], "texture": "#0"},
				"down": {"uv": [0, 0, 0.5, 1.5], "texture": "#0"}
			}
		},
		{
			"from": [15, 8, 12.5],
			"to": [16, 8.75, 15.5],
			"rotation": {"angle": 0, "axis": "y", "origin": [23, 16, 20.5]},
			"faces": {
				"north": {"uv": [0, 0, 0.5, 0.375], "texture": "#0"},
				"east": {"uv": [0, 0, 1.5, 0.375], "texture": "#0"},
				"south": {"uv": [0, 0, 0.5, 0.375], "texture": "#0"},
				"west": {"uv": [0, 0, 1.5, 0.375], "texture": "#0"},
				"up": {"uv": [0, 0, 0.5, 1.5], "texture": "#0"},
				"down": {"uv": [0, 0, 0.5, 1.5], "texture": "#0"}
			}
		},
		{
			"from": [15, 12, 12.5],
			"to": [16, 12.75, 15.5],
			"rotation": {"angle": 0, "axis": "y", "origin": [23, 20, 20.5]},
			"faces": {
				"north": {"uv": [0, 0, 0.5, 0.375], "texture": "#0"},
				"east": {"uv": [0, 0, 1.5, 0.375], "texture": "#0"},
				"south": {"uv": [0, 0, 0.5, 0.375], "texture": "#0"},
				"west": {"uv": [0, 0, 1.5, 0.375], "texture": "#0"},
				"up": {"uv": [0, 0, 0.5, 1.5], "texture": "#0"},
				"down": {"uv": [0, 0, 0.5, 1.5], "texture": "#0"}
			}
		},
		{
			"from": [0, 0, 12.5],
			"to": [1, 0.75, 15.5],
			"rotation": {"angle": 0, "axis": "y", "origin": [8, 8, 20.5]},
			"faces": {
				"north": {"uv": [0, 0, 0.5, 0.375], "texture": "#0"},
				"east": {"uv": [0, 0, 1.5, 0.375], "texture": "#0"},
				"south": {"uv": [0, 0, 0.5, 0.375], "texture": "#0"},
				"west": {"uv": [0, 0, 1.5, 0.375], "texture": "#0"},
				"up": {"uv": [0, 0, 0.5, 1.5], "texture": "#0"},
				"down": {"uv": [0, 0, 0.5, 1.5], "texture": "#0"}
			}
		},
		{
			"from": [0, 4, 12.5],
			"to": [1, 4.75, 15.5],
			"rotation": {"angle": 0, "axis": "y", "origin": [8, 12, 20.5]},
			"faces": {
				"north": {"uv": [0, 0, 0.5, 0.375], "texture": "#0"},
				"east": {"uv": [0, 0, 1.5, 0.375], "texture": "#0"},
				"south": {"uv": [0, 0, 0.5, 0.375], "texture": "#0"},
				"west": {"uv": [0, 0, 1.5, 0.375], "texture": "#0"},
				"up": {"uv": [0, 0, 0.5, 1.5], "texture": "#0"},
				"down": {"uv": [0, 0, 0.5, 1.5], "texture": "#0"}
			}
		},
		{
			"from": [0, 8, 12.5],
			"to": [1, 8.75, 15.5],
			"rotation": {"angle": 0, "axis": "y", "origin": [8, 16, 20.5]},
			"faces": {
				"north": {"uv": [0, 0, 0.5, 0.375], "texture": "#0"},
				"east": {"uv": [0, 0, 1.5, 0.375], "texture": "#0"},
				"south": {"uv": [0, 0, 0.5, 0.375], "texture": "#0"},
				"west": {"uv": [0, 0, 1.5, 0.375], "texture": "#0"},
				"up": {"uv": [0, 0, 0.5, 1.5], "texture": "#0"},
				"down": {"uv": [0, 0, 0.5, 1.5], "texture": "#0"}
			}
		},
		{
			"from": [0, 12, 12.5],
			"to": [1, 12.75, 15.5],
			"rotation": {"angle": 0, "axis": "y", "origin": [8, 20, 20.5]},
			"faces": {
				"north": {"uv": [0, 0, 0.5, 0.375], "texture": "#0"},
				"east": {"uv": [0, 0, 1.5, 0.375], "texture": "#0"},
				"south": {"uv": [0, 0, 0.5, 0.375], "texture": "#0"},
				"west": {"uv": [0, 0, 1.5, 0.375], "texture": "#0"},
				"up": {"uv": [0, 0, 0.5, 1.5], "texture": "#0"},
				"down": {"uv": [0, 0, 0.5, 1.5], "texture": "#0"}
			}
		},
		{
			"from": [1, 1, 1.75],
			"to": [15, 3.75, 15.75],
			"rotation": {"angle": 0, "axis": "y", "origin": [9, 9, 9.75]},
			"faces": {
				"north": {"uv": [0, 0, 16, 8.375], "texture": "#3"},
				"east": {"uv": [0, 0, 7.125, 1.375], "texture": "#2"},
				"south": {"uv": [0, 0, 16, 7.375], "texture": "#4"},
				"west": {"uv": [0, 0, 7.125, 1.375], "texture": "#2"},
				"up": {"uv": [0, 0, 7, 7.125], "texture": "#missing"},
				"down": {"uv": [0, 0, 7, 7.125], "texture": "#missing"}
			}
		},
		{
			"from": [1, 5, 1.75],
			"to": [15, 7.75, 15.75],
			"rotation": {"angle": 0, "axis": "y", "origin": [9, 13, 9.75]},
			"faces": {
				"north": {"uv": [0, 0, 16, 8.375], "texture": "#3"},
				"east": {"uv": [0, 0, 7.125, 1.375], "texture": "#2"},
				"south": {"uv": [0, 0, 16, 7.375], "texture": "#4"},
				"west": {"uv": [0, 0, 7.125, 1.375], "texture": "#2"},
				"up": {"uv": [0, 0, 7, 7.125], "texture": "#missing"},
				"down": {"uv": [0, 0, 7, 7.125], "texture": "#missing"}
			}
		},
		{
			"from": [1, 9, 1.75],
			"to": [15, 11.75, 15.75],
			"rotation": {"angle": 0, "axis": "y", "origin": [9, 17, 9.75]},
			"faces": {
				"north": {"uv": [0, 0, 16, 8.375], "texture": "#3"},
				"east": {"uv": [0, 0, 7.125, 1.375], "texture": "#2"},
				"south": {"uv": [0, 0, 16, 7.375], "texture": "#4"},
				"west": {"uv": [0, 0, 7.125, 1.375], "texture": "#2"},
				"up": {"uv": [0, 0, 7, 7.125], "texture": "#missing"},
				"down": {"uv": [0, 0, 7, 7.125], "texture": "#missing"}
			}
		},
		{
			"from": [1, 13, 1.75],
			"to": [15, 15.75, 15.75],
			"rotation": {"angle": 0, "axis": "y", "origin": [9, 21, 9.75]},
			"faces": {
				"north": {"uv": [0, 0, 16, 8.375], "texture": "#3"},
				"east": {"uv": [0, 0, 7.125, 1.375], "texture": "#2"},
				"south": {"uv": [0, 0, 16, 7.375], "texture": "#4"},
				"west": {"uv": [0, 0, 7.125, 1.375], "texture": "#2"},
				"up": {"uv": [0, 0, 7, 7.125], "texture": "#missing"},
				"down": {"uv": [0, 0, 7, 7.125], "texture": "#missing"}
			}
		},
		{
			"from": [1, 1, 1.5],
			"to": [1.5, 3.75, 1.75],
			"rotation": {"angle": 0, "axis": "y", "origin": [9, 9, 9]},
			"faces": {
				"north": {"uv": [0, 0, 0.25, 1.375], "texture": "#0"},
				"east": {"uv": [0, 0, 0.125, 1.375], "texture": "#0"},
				"south": {"uv": [0, 0, 0.25, 1.375], "texture": "#0"},
				"west": {"uv": [0, 0, 0.125, 1.375], "texture": "#0"},
				"up": {"uv": [0, 0, 0.25, 0.125], "texture": "#0"},
				"down": {"uv": [0, 0, 0.25, 0.125], "texture": "#0"}
			}
		},
		{
			"from": [1, 5, 1.5],
			"to": [1.5, 7.75, 1.75],
			"rotation": {"angle": 0, "axis": "y", "origin": [9, 13, 9]},
			"faces": {
				"north": {"uv": [0, 0, 0.25, 1.375], "texture": "#0"},
				"east": {"uv": [0, 0, 0.125, 1.375], "texture": "#0"},
				"south": {"uv": [0, 0, 0.25, 1.375], "texture": "#0"},
				"west": {"uv": [0, 0, 0.125, 1.375], "texture": "#0"},
				"up": {"uv": [0, 0, 0.25, 0.125], "texture": "#0"},
				"down": {"uv": [0, 0, 0.25, 0.125], "texture": "#0"}
			}
		},
		{
			"from": [1, 9, 1.5],
			"to": [1.5, 11.75, 1.75],
			"rotation": {"angle": 0, "axis": "y", "origin": [9, 17, 9]},
			"faces": {
				"north": {"uv": [0, 0, 0.25, 1.375], "texture": "#0"},
				"east": {"uv": [0, 0, 0.125, 1.375], "texture": "#0"},
				"south": {"uv": [0, 0, 0.25, 1.375], "texture": "#0"},
				"west": {"uv": [0, 0, 0.125, 1.375], "texture": "#0"},
				"up": {"uv": [0, 0, 0.25, 0.125], "texture": "#0"},
				"down": {"uv": [0, 0, 0.25, 0.125], "texture": "#0"}
			}
		},
		{
			"from": [1, 13, 1.5],
			"to": [1.5, 15.75, 1.75],
			"rotation": {"angle": 0, "axis": "y", "origin": [9, 21, 9]},
			"faces": {
				"north": {"uv": [0, 0, 0.25, 1.375], "texture": "#0"},
				"east": {"uv": [0, 0, 0.125, 1.375], "texture": "#0"},
				"south": {"uv": [0, 0, 0.25, 1.375], "texture": "#0"},
				"west": {"uv": [0, 0, 0.125, 1.375], "texture": "#0"},
				"up": {"uv": [0, 0, 0.25, 0.125], "texture": "#0"},
				"down": {"uv": [0, 0, 0.25, 0.125], "texture": "#0"}
			}
		},
		{
			"from": [14.5, 1, 1.5],
			"to": [15, 3.75, 1.75],
			"rotation": {"angle": 0, "axis": "y", "origin": [22.5, 9, 9]},
			"faces": {
				"north": {"uv": [0, 0, 0.25, 1.375], "texture": "#0"},
				"east": {"uv": [0, 0, 0.125, 1.375], "texture": "#0"},
				"south": {"uv": [0, 0, 0.25, 1.375], "texture": "#0"},
				"west": {"uv": [0, 0, 0.125, 1.375], "texture": "#0"},
				"up": {"uv": [0, 0, 0.25, 0.125], "texture": "#0"},
				"down": {"uv": [0, 0, 0.25, 0.125], "texture": "#0"}
			}
		},
		{
			"from": [14.5, 5, 1.5],
			"to": [15, 7.75, 1.75],
			"rotation": {"angle": 0, "axis": "y", "origin": [22.5, 13, 9]},
			"faces": {
				"north": {"uv": [0, 0, 0.25, 1.375], "texture": "#0"},
				"east": {"uv": [0, 0, 0.125, 1.375], "texture": "#0"},
				"south": {"uv": [0, 0, 0.25, 1.375], "texture": "#0"},
				"west": {"uv": [0, 0, 0.125, 1.375], "texture": "#0"},
				"up": {"uv": [0, 0, 0.25, 0.125], "texture": "#0"},
				"down": {"uv": [0, 0, 0.25, 0.125], "texture": "#0"}
			}
		},
		{
			"from": [14.5, 9, 1.5],
			"to": [15, 11.75, 1.75],
			"rotation": {"angle": 0, "axis": "y", "origin": [22.5, 17, 9]},
			"faces": {
				"north": {"uv": [0, 0, 0.25, 1.375], "texture": "#0"},
				"east": {"uv": [0, 0, 0.125, 1.375], "texture": "#0"},
				"south": {"uv": [0, 0, 0.25, 1.375], "texture": "#0"},
				"west": {"uv": [0, 0, 0.125, 1.375], "texture": "#0"},
				"up": {"uv": [0, 0, 0.25, 0.125], "texture": "#0"},
				"down": {"uv": [0, 0, 0.25, 0.125], "texture": "#0"}
			}
		},
		{
			"from": [14.5, 13, 1.5],
			"to": [15, 15.75, 1.75],
			"rotation": {"angle": 0, "axis": "y", "origin": [22.5, 21, 9]},
			"faces": {
				"north": {"uv": [0, 0, 0.25, 1.375], "texture": "#0"},
				"east": {"uv": [0, 0, 0.125, 1.375], "texture": "#0"},
				"south": {"uv": [0, 0, 0.25, 1.375], "texture": "#0"},
				"west": {"uv": [0, 0, 0.125, 1.375], "texture": "#0"},
				"up": {"uv": [0, 0, 0.25, 0.125], "texture": "#0"},
				"down": {"uv": [0, 0, 0.25, 0.125], "texture": "#0"}
			}
		},
		{
			"from": [1, 1, 15.75],
			"to": [2, 3.75, 16],
			"rotation": {"angle": 0, "axis": "y", "origin": [9, 9, 23]},
			"faces": {
				"north": {"uv": [0, 0, 0.5, 1.375], "texture": "#2"},
				"east": {"uv": [0, 0, 0.125, 1.375], "texture": "#2"},
				"south": {"uv": [0, 0, 0.5, 1.375], "texture": "#2"},
				"west": {"uv": [0, 0, 0.125, 1.375], "texture": "#2"},
				"up": {"uv": [0, 0, 0.5, 0.125], "texture": "#2"},
				"down": {"uv": [0, 0, 0.5, 0.125], "texture": "#2"}
			}
		},
		{
			"from": [1, 5, 15.75],
			"to": [2, 7.75, 16],
			"rotation": {"angle": 0, "axis": "y", "origin": [9, 13, 23]},
			"faces": {
				"north": {"uv": [0, 0, 0.5, 1.375], "texture": "#2"},
				"east": {"uv": [0, 0, 0.125, 1.375], "texture": "#2"},
				"south": {"uv": [0, 0, 0.5, 1.375], "texture": "#2"},
				"west": {"uv": [0, 0, 0.125, 1.375], "texture": "#2"},
				"up": {"uv": [0, 0, 0.5, 0.125], "texture": "#2"},
				"down": {"uv": [0, 0, 0.5, 0.125], "texture": "#2"}
			}
		},
		{
			"from": [1, 9, 15.75],
			"to": [2, 11.75, 16],
			"rotation": {"angle": 0, "axis": "y", "origin": [9, 17, 23]},
			"faces": {
				"north": {"uv": [0, 0, 0.5, 1.375], "texture": "#2"},
				"east": {"uv": [0, 0, 0.125, 1.375], "texture": "#2"},
				"south": {"uv": [0, 0, 0.5, 1.375], "texture": "#2"},
				"west": {"uv": [0, 0, 0.125, 1.375], "texture": "#2"},
				"up": {"uv": [0, 0, 0.5, 0.125], "texture": "#2"},
				"down": {"uv": [0, 0, 0.5, 0.125], "texture": "#2"}
			}
		},
		{
			"from": [1, 13, 15.75],
			"to": [2, 15.75, 16],
			"rotation": {"angle": 0, "axis": "y", "origin": [9, 21, 23]},
			"faces": {
				"north": {"uv": [0, 0, 0.5, 1.375], "texture": "#2"},
				"east": {"uv": [0, 0, 0.125, 1.375], "texture": "#2"},
				"south": {"uv": [0, 0, 0.5, 1.375], "texture": "#2"},
				"west": {"uv": [0, 0, 0.125, 1.375], "texture": "#2"},
				"up": {"uv": [0, 0, 0.5, 0.125], "texture": "#2"},
				"down": {"uv": [0, 0, 0.5, 0.125], "texture": "#2"}
			}
		},
		{
			"from": [14, 1, 15.75],
			"to": [15, 3.75, 16],
			"rotation": {"angle": 0, "axis": "y", "origin": [22, 9, 23]},
			"faces": {
				"north": {"uv": [0, 0, 0.5, 1.375], "texture": "#2"},
				"east": {"uv": [0, 0, 0.125, 1.375], "texture": "#2"},
				"south": {"uv": [0, 0, 0.5, 1.375], "texture": "#2"},
				"west": {"uv": [0, 0, 0.125, 1.375], "texture": "#2"},
				"up": {"uv": [0, 0, 0.5, 0.125], "texture": "#2"},
				"down": {"uv": [0, 0, 0.5, 0.125], "texture": "#2"}
			}
		},
		{
			"from": [14, 5, 15.75],
			"to": [15, 7.75, 16],
			"rotation": {"angle": 0, "axis": "y", "origin": [22, 13, 23]},
			"faces": {
				"north": {"uv": [0, 0, 0.5, 1.375], "texture": "#2"},
				"east": {"uv": [0, 0, 0.125, 1.375], "texture": "#2"},
				"south": {"uv": [0, 0, 0.5, 1.375], "texture": "#2"},
				"west": {"uv": [0, 0, 0.125, 1.375], "texture": "#2"},
				"up": {"uv": [0, 0, 0.5, 0.125], "texture": "#2"},
				"down": {"uv": [0, 0, 0.5, 0.125], "texture": "#2"}
			}
		},
		{
			"from": [14, 9, 15.75],
			"to": [15, 11.75, 16],
			"rotation": {"angle": 0, "axis": "y", "origin": [22, 17, 23]},
			"faces": {
				"north": {"uv": [0, 0, 0.5, 1.375], "texture": "#2"},
				"east": {"uv": [0, 0, 0.125, 1.375], "texture": "#2"},
				"south": {"uv": [0, 0, 0.5, 1.375], "texture": "#2"},
				"west": {"uv": [0, 0, 0.125, 1.375], "texture": "#2"},
				"up": {"uv": [0, 0, 0.5, 0.125], "texture": "#2"},
				"down": {"uv": [0, 0, 0.5, 0.125], "texture": "#2"}
			}
		},
		{
			"from": [14, 13, 15.75],
			"to": [15, 15.75, 16],
			"rotation": {"angle": 0, "axis": "y", "origin": [22, 21, 23]},
			"faces": {
				"north": {"uv": [0, 0, 0.5, 1.375], "texture": "#2"},
				"east": {"uv": [0, 0, 0.125, 1.375], "texture": "#2"},
				"south": {"uv": [0, 0, 0.5, 1.375], "texture": "#2"},
				"west": {"uv": [0, 0, 0.125, 1.375], "texture": "#2"},
				"up": {"uv": [0, 0, 0.5, 0.125], "texture": "#2"},
				"down": {"uv": [0, 0, 0.5, 0.125], "texture": "#2"}
			}
		},
		{
			"from": [2, 3.5, 15.75],
			"to": [14, 3.75, 16],
			"rotation": {"angle": 0, "axis": "y", "origin": [21, 9, 23]},
			"faces": {
				"north": {"uv": [0, 0, 6, 0.125], "texture": "#2"},
				"east": {"uv": [0, 0, 0.125, 0.125], "texture": "#2"},
				"south": {"uv": [0, 0, 6, 0.125], "texture": "#2"},
				"west": {"uv": [0, 0, 0.125, 0.125], "texture": "#2"},
				"up": {"uv": [0, 0, 6, 0.125], "texture": "#2"},
				"down": {"uv": [0, 0, 6, 0.125], "texture": "#2"}
			}
		},
		{
			"from": [2, 7.5, 15.75],
			"to": [14, 7.75, 16],
			"rotation": {"angle": 0, "axis": "y", "origin": [21, 13, 23]},
			"faces": {
				"north": {"uv": [0, 0, 6, 0.125], "texture": "#2"},
				"east": {"uv": [0, 0, 0.125, 0.125], "texture": "#2"},
				"south": {"uv": [0, 0, 6, 0.125], "texture": "#2"},
				"west": {"uv": [0, 0, 0.125, 0.125], "texture": "#2"},
				"up": {"uv": [0, 0, 6, 0.125], "texture": "#2"},
				"down": {"uv": [0, 0, 6, 0.125], "texture": "#2"}
			}
		},
		{
			"from": [2, 11.5, 15.75],
			"to": [14, 11.75, 16],
			"rotation": {"angle": 0, "axis": "y", "origin": [21, 17, 23]},
			"faces": {
				"north": {"uv": [0, 0, 6, 0.125], "texture": "#2"},
				"east": {"uv": [0, 0, 0.125, 0.125], "texture": "#2"},
				"south": {"uv": [0, 0, 6, 0.125], "texture": "#2"},
				"west": {"uv": [0, 0, 0.125, 0.125], "texture": "#2"},
				"up": {"uv": [0, 0, 6, 0.125], "texture": "#2"},
				"down": {"uv": [0, 0, 6, 0.125], "texture": "#2"}
			}
		},
		{
			"from": [2, 15.5, 15.75],
			"to": [14, 15.75, 16],
			"rotation": {"angle": 0, "axis": "y", "origin": [21, 21, 23]},
			"faces": {
				"north": {"uv": [0, 0, 6, 0.125], "texture": "#2"},
				"east": {"uv": [0, 0, 0.125, 0.125], "texture": "#2"},
				"south": {"uv": [0, 0, 6, 0.125], "texture": "#2"},
				"west": {"uv": [0, 0, 0.125, 0.125], "texture": "#2"},
				"up": {"uv": [0, 0, 6, 0.125], "texture": "#2"},
				"down": {"uv": [0, 0, 6, 0.125], "texture": "#2"}
			}
		},
		{
			"from": [2.25, 3, 15.75],
			"to": [3.5, 3.25, 16],
			"rotation": {"angle": 0, "axis": "y", "origin": [10, 10.25, 23]},
			"faces": {
				"north": {"uv": [0, 0, 0.625, 0.125], "texture": "#missing"},
				"east": {"uv": [0, 0, 0.125, 0.125], "texture": "#2"},
				"south": {"uv": [0, 0, 1.625, 0.125], "texture": "#5"},
				"west": {"uv": [0, 0, 0.125, 0.125], "texture": "#2"},
				"up": {"uv": [0, 0, 0.625, 0.125], "texture": "#2"},
				"down": {"uv": [0, 0, 0.625, 0.125], "texture": "#missing"}
			}
		},
		{
			"from": [2.25, 7, 15.75],
			"to": [3.5, 7.25, 16],
			"rotation": {"angle": 0, "axis": "y", "origin": [10, 14.25, 23]},
			"faces": {
				"north": {"uv": [0, 0, 0.625, 0.125], "texture": "#missing"},
				"east": {"uv": [0, 0, 0.125, 0.125], "texture": "#2"},
				"south": {"uv": [0, 0, 1.625, 0.125], "texture": "#5"},
				"west": {"uv": [0, 0, 0.125, 0.125], "texture": "#2"},
				"up": {"uv": [0, 0, 0.625, 0.125], "texture": "#2"},
				"down": {"uv": [0, 0, 0.625, 0.125], "texture": "#missing"}
			}
		},
		{
			"from": [2.25, 11, 15.75],
			"to": [3.5, 11.25, 16],
			"rotation": {"angle": 0, "axis": "y", "origin": [10, 18.25, 23]},
			"faces": {
				"north": {"uv": [0, 0, 0.625, 0.125], "texture": "#missing"},
				"east": {"uv": [0, 0, 0.125, 0.125], "texture": "#2"},
				"south": {"uv": [0, 0, 1.625, 0.125], "texture": "#5"},
				"west": {"uv": [0, 0, 0.125, 0.125], "texture": "#2"},
				"up": {"uv": [0, 0, 0.625, 0.125], "texture": "#2"},
				"down": {"uv": [0, 0, 0.625, 0.125], "texture": "#missing"}
			}
		},
		{
			"from": [2.25, 15, 15.75],
			"to": [3.5, 15.25, 16],
			"rotation": {"angle": 0, "axis": "y", "origin": [10, 22.25, 23]},
			"faces": {
				"north": {"uv": [0, 0, 0.625, 0.125], "texture": "#missing"},
				"east": {"uv": [0, 0, 0.125, 0.125], "texture": "#2"},
				"south": {"uv": [0, 0, 1.625, 0.125], "texture": "#5"},
				"west": {"uv": [0, 0, 0.125, 0.125], "texture": "#2"},
				"up": {"uv": [0, 0, 0.625, 0.125], "texture": "#2"},
				"down": {"uv": [0, 0, 0.625, 0.125], "texture": "#missing"}
			}
		},
		{
			"from": [2, 2.25, 15.75],
			"to": [3.75, 3, 16],
			"rotation": {"angle": 0, "axis": "y", "origin": [10, 10, 23]},
			"faces": {
				"north": {"uv": [0, 0, 0.875, 0.375], "texture": "#missing"},
				"east": {"uv": [0, 0, 0.125, 0.375], "texture": "#2"},
				"south": {"uv": [0, 0, 15.875, 9.375], "texture": "#5"},
				"west": {"uv": [0, 0, 0.125, 0.375], "texture": "#missing"},
				"up": {"uv": [0, 0, 0.875, 0.125], "texture": "#2"},
				"down": {"uv": [0, 0, 0.875, 0.125], "texture": "#2"}
			}
		},
		{
			"from": [2, 6.25, 15.75],
			"to": [3.75, 7, 16],
			"rotation": {"angle": 0, "axis": "y", "origin": [10, 14, 23]},
			"faces": {
				"north": {"uv": [0, 0, 0.875, 0.375], "texture": "#missing"},
				"east": {"uv": [0, 0, 0.125, 0.375], "texture": "#2"},
				"south": {"uv": [0, 0, 15.875, 9.375], "texture": "#5"},
				"west": {"uv": [0, 0, 0.125, 0.375], "texture": "#missing"},
				"up": {"uv": [0, 0, 0.875, 0.125], "texture": "#2"},
				"down": {"uv": [0, 0, 0.875, 0.125], "texture": "#2"}
			}
		},
		{
			"from": [2, 10.25, 15.75],
			"to": [3.75, 11, 16],
			"rotation": {"angle": 0, "axis": "y", "origin": [10, 18, 23]},
			"faces": {
				"north": {"uv": [0, 0, 0.875, 0.375], "texture": "#missing"},
				"east": {"uv": [0, 0, 0.125, 0.375], "texture": "#2"},
				"south": {"uv": [0, 0, 15.875, 9.375], "texture": "#5"},
				"west": {"uv": [0, 0, 0.125, 0.375], "texture": "#missing"},
				"up": {"uv": [0, 0, 0.875, 0.125], "texture": "#2"},
				"down": {"uv": [0, 0, 0.875, 0.125], "texture": "#2"}
			}
		},
		{
			"from": [2, 14.25, 15.75],
			"to": [3.75, 15, 16],
			"rotation": {"angle": 0, "axis": "y", "origin": [10, 22, 23]},
			"faces": {
				"north": {"uv": [0, 0, 0.875, 0.375], "texture": "#missing"},
				"east": {"uv": [0, 0, 0.125, 0.375], "texture": "#2"},
				"south": {"uv": [0, 0, 15.875, 9.375], "texture": "#5"},
				"west": {"uv": [0, 0, 0.125, 0.375], "texture": "#missing"},
				"up": {"uv": [0, 0, 0.875, 0.125], "texture": "#2"},
				"down": {"uv": [0, 0, 0.875, 0.125], "texture": "#2"}
			}
		},
		{
			"from": [2.75, 1, 15],
			"to": [3.75, 1.5, 16],
			"rotation": {"angle": 0, "axis": "y", "origin": [10.75, 9, 23]},
			"faces": {
				"north": {"uv": [0, 0, 0.5, 0.25], "texture": "#missing"},
				"east": {"uv": [0, 0, 0.5, 0.25], "texture": "#1"},
				"south": {"uv": [1, 0, 15.5, 6.25], "texture": "#6"},
				"west": {"uv": [0, 0, 0.5, 0.25], "texture": "#1"},
				"up": {"uv": [0, 0, 0.5, 0.5], "texture": "#1"},
				"down": {"uv": [0, 0, 0.5, 0.5], "texture": "#missing"}
			}
		},
		{
			"from": [2.75, 5, 15],
			"to": [3.75, 5.5, 16],
			"rotation": {"angle": 0, "axis": "y", "origin": [10.75, 13, 23]},
			"faces": {
				"north": {"uv": [0, 0, 0.5, 0.25], "texture": "#missing"},
				"east": {"uv": [0, 0, 0.5, 0.25], "texture": "#1"},
				"south": {"uv": [1, 0, 15.5, 6.25], "texture": "#6"},
				"west": {"uv": [0, 0, 0.5, 0.25], "texture": "#1"},
				"up": {"uv": [0, 0, 0.5, 0.5], "texture": "#1"},
				"down": {"uv": [0, 0, 0.5, 0.5], "texture": "#missing"}
			}
		},
		{
			"from": [2.75, 9, 15],
			"to": [3.75, 9.5, 16],
			"rotation": {"angle": 0, "axis": "y", "origin": [10.75, 17, 23]},
			"faces": {
				"north": {"uv": [0, 0, 0.5, 0.25], "texture": "#missing"},
				"east": {"uv": [0, 0, 0.5, 0.25], "texture": "#1"},
				"south": {"uv": [1, 0, 15.5, 6.25], "texture": "#6"},
				"west": {"uv": [0, 0, 0.5, 0.25], "texture": "#1"},
				"up": {"uv": [0, 0, 0.5, 0.5], "texture": "#1"},
				"down": {"uv": [0, 0, 0.5, 0.5], "texture": "#missing"}
			}
		},
		{
			"from": [2.75, 13, 15],
			"to": [3.75, 13.5, 16],
			"rotation": {"angle": 0, "axis": "y", "origin": [10.75, 21, 23]},
			"faces": {
				"north": {"uv": [0, 0, 0.5, 0.25], "texture": "#missing"},
				"east": {"uv": [0, 0, 0.5, 0.25], "texture": "#1"},
				"south": {"uv": [1, 0, 15.5, 6.25], "texture": "#6"},
				"west": {"uv": [0, 0, 0.5, 0.25], "texture": "#1"},
				"up": {"uv": [0, 0, 0.5, 0.5], "texture": "#1"},
				"down": {"uv": [0, 0, 0.5, 0.5], "texture": "#missing"}
			}
		},
		{
			"from": [3.75, 1.25, 15],
			"to": [4, 1.5, 16],
			"rotation": {"angle": 0, "axis": "y", "origin": [11.75, 9.25, 23]},
			"faces": {
				"north": {"uv": [0, 0, 0.125, 0.125], "texture": "#1"},
				"east": {"uv": [0, 0, 0.5, 0.125], "texture": "#1"},
				"south": {"uv": [0, 0, 0.125, 0.125], "texture": "#1"},
				"west": {"uv": [0, 0, 0.5, 0.125], "texture": "#1"},
				"up": {"uv": [0, 0, 0.125, 0.5], "texture": "#1"},
				"down": {"uv": [0, 0, 0.125, 0.5], "texture": "#1"}
			}
		},
		{
			"from": [3.75, 5.25, 15],
			"to": [4, 5.5, 16],
			"rotation": {"angle": 0, "axis": "y", "origin": [11.75, 13.25, 23]},
			"faces": {
				"north": {"uv": [0, 0, 0.125, 0.125], "texture": "#1"},
				"east": {"uv": [0, 0, 0.5, 0.125], "texture": "#1"},
				"south": {"uv": [0, 0, 0.125, 0.125], "texture": "#1"},
				"west": {"uv": [0, 0, 0.5, 0.125], "texture": "#1"},
				"up": {"uv": [0, 0, 0.125, 0.5], "texture": "#1"},
				"down": {"uv": [0, 0, 0.125, 0.5], "texture": "#1"}
			}
		},
		{
			"from": [3.75, 9.25, 15],
			"to": [4, 9.5, 16],
			"rotation": {"angle": 0, "axis": "y", "origin": [11.75, 17.25, 23]},
			"faces": {
				"north": {"uv": [0, 0, 0.125, 0.125], "texture": "#1"},
				"east": {"uv": [0, 0, 0.5, 0.125], "texture": "#1"},
				"south": {"uv": [0, 0, 0.125, 0.125], "texture": "#1"},
				"west": {"uv": [0, 0, 0.5, 0.125], "texture": "#1"},
				"up": {"uv": [0, 0, 0.125, 0.5], "texture": "#1"},
				"down": {"uv": [0, 0, 0.125, 0.5], "texture": "#1"}
			}
		},
		{
			"from": [3.75, 13.25, 15],
			"to": [4, 13.5, 16],
			"rotation": {"angle": 0, "axis": "y", "origin": [11.75, 21.25, 23]},
			"faces": {
				"north": {"uv": [0, 0, 0.125, 0.125], "texture": "#1"},
				"east": {"uv": [0, 0, 0.5, 0.125], "texture": "#1"},
				"south": {"uv": [0, 0, 0.125, 0.125], "texture": "#1"},
				"west": {"uv": [0, 0, 0.5, 0.125], "texture": "#1"},
				"up": {"uv": [0, 0, 0.125, 0.5], "texture": "#1"},
				"down": {"uv": [0, 0, 0.125, 0.5], "texture": "#1"}
			}
		},
		{
			"from": [2.5, 1.25, 15],
			"to": [2.75, 1.5, 16],
			"rotation": {"angle": 0, "axis": "y", "origin": [10.5, 9.25, 23]},
			"faces": {
				"north": {"uv": [0, 0, 0.125, 0.125], "texture": "#1"},
				"east": {"uv": [0, 0, 0.5, 0.125], "texture": "#1"},
				"south": {"uv": [0, 0, 0.125, 0.125], "texture": "#1"},
				"west": {"uv": [0, 0, 0.5, 0.125], "texture": "#1"},
				"up": {"uv": [0, 0, 0.125, 0.5], "texture": "#1"},
				"down": {"uv": [0, 0, 0.125, 0.5], "texture": "#1"}
			}
		},
		{
			"from": [2.5, 5.25, 15],
			"to": [2.75, 5.5, 16],
			"rotation": {"angle": 0, "axis": "y", "origin": [10.5, 13.25, 23]},
			"faces": {
				"north": {"uv": [0, 0, 0.125, 0.125], "texture": "#1"},
				"east": {"uv": [0, 0, 0.5, 0.125], "texture": "#1"},
				"south": {"uv": [0, 0, 0.125, 0.125], "texture": "#1"},
				"west": {"uv": [0, 0, 0.5, 0.125], "texture": "#1"},
				"up": {"uv": [0, 0, 0.125, 0.5], "texture": "#1"},
				"down": {"uv": [0, 0, 0.125, 0.5], "texture": "#1"}
			}
		},
		{
			"from": [2.5, 9.25, 15],
			"to": [2.75, 9.5, 16],
			"rotation": {"angle": 0, "axis": "y", "origin": [10.5, 17.25, 23]},
			"faces": {
				"north": {"uv": [0, 0, 0.125, 0.125], "texture": "#1"},
				"east": {"uv": [0, 0, 0.5, 0.125], "texture": "#1"},
				"south": {"uv": [0, 0, 0.125, 0.125], "texture": "#1"},
				"west": {"uv": [0, 0, 0.5, 0.125], "texture": "#1"},
				"up": {"uv": [0, 0, 0.125, 0.5], "texture": "#1"},
				"down": {"uv": [0, 0, 0.125, 0.5], "texture": "#1"}
			}
		},
		{
			"from": [2.5, 13.25, 15],
			"to": [2.75, 13.5, 16],
			"rotation": {"angle": 0, "axis": "y", "origin": [10.5, 21.25, 23]},
			"faces": {
				"north": {"uv": [0, 0, 0.125, 0.125], "texture": "#1"},
				"east": {"uv": [0, 0, 0.5, 0.125], "texture": "#1"},
				"south": {"uv": [0, 0, 0.125, 0.125], "texture": "#1"},
				"west": {"uv": [0, 0, 0.5, 0.125], "texture": "#1"},
				"up": {"uv": [0, 0, 0.125, 0.5], "texture": "#1"},
				"down": {"uv": [0, 0, 0.125, 0.5], "texture": "#1"}
			}
		},
		{
			"from": [4.5, 1, 15],
			"to": [5.5, 1.5, 16],
			"rotation": {"angle": 0, "axis": "y", "origin": [12.5, 9, 23]},
			"faces": {
				"north": {"uv": [0, 0, 0.5, 0.25], "texture": "#missing"},
				"east": {"uv": [0, 0, 0.5, 0.25], "texture": "#1"},
				"south": {"uv": [0, 0, 15.5, 8.25], "texture": "#7"},
				"west": {"uv": [0, 0, 0.5, 0.25], "texture": "#1"},
				"up": {"uv": [0, 0, 0.5, 0.5], "texture": "#1"},
				"down": {"uv": [0, 0, 0.5, 0.5], "texture": "#missing"}
			}
		},
		{
			"from": [4.5, 5, 15],
			"to": [5.5, 5.5, 16],
			"rotation": {"angle": 0, "axis": "y", "origin": [12.5, 13, 23]},
			"faces": {
				"north": {"uv": [0, 0, 0.5, 0.25], "texture": "#missing"},
				"east": {"uv": [0, 0, 0.5, 0.25], "texture": "#1"},
				"south": {"uv": [0, 0, 15.5, 8.25], "texture": "#7"},
				"west": {"uv": [0, 0, 0.5, 0.25], "texture": "#1"},
				"up": {"uv": [0, 0, 0.5, 0.5], "texture": "#1"},
				"down": {"uv": [0, 0, 0.5, 0.5], "texture": "#missing"}
			}
		},
		{
			"from": [4.5, 9, 15],
			"to": [5.5, 9.5, 16],
			"rotation": {"angle": 0, "axis": "y", "origin": [12.5, 17, 23]},
			"faces": {
				"north": {"uv": [0, 0, 0.5, 0.25], "texture": "#missing"},
				"east": {"uv": [0, 0, 0.5, 0.25], "texture": "#1"},
				"south": {"uv": [0, 0, 15.5, 8.25], "texture": "#7"},
				"west": {"uv": [0, 0, 0.5, 0.25], "texture": "#1"},
				"up": {"uv": [0, 0, 0.5, 0.5], "texture": "#1"},
				"down": {"uv": [0, 0, 0.5, 0.5], "texture": "#missing"}
			}
		},
		{
			"from": [4.5, 13, 15],
			"to": [5.5, 13.5, 16],
			"rotation": {"angle": 0, "axis": "y", "origin": [12.5, 21, 23]},
			"faces": {
				"north": {"uv": [0, 0, 0.5, 0.25], "texture": "#missing"},
				"east": {"uv": [0, 0, 0.5, 0.25], "texture": "#1"},
				"south": {"uv": [0, 0, 15.5, 8.25], "texture": "#7"},
				"west": {"uv": [0, 0, 0.5, 0.25], "texture": "#1"},
				"up": {"uv": [0, 0, 0.5, 0.5], "texture": "#1"},
				"down": {"uv": [0, 0, 0.5, 0.5], "texture": "#missing"}
			}
		},
		{
			"from": [4.75, 1.5, 15],
			"to": [5.25, 1.75, 16],
			"rotation": {"angle": 0, "axis": "y", "origin": [12.5, 9.5, 23]},
			"faces": {
				"north": {"uv": [0, 0, 0.25, 0.125], "texture": "#missing"},
				"east": {"uv": [0, 0, 0.5, 0.125], "texture": "#1"},
				"south": {"uv": [0, 0, 14.25, 5.125], "texture": "#8"},
				"west": {"uv": [0, 0, 0.5, 0.125], "texture": "#1"},
				"up": {"uv": [0, 0, 0.25, 0.5], "texture": "#1"},
				"down": {"uv": [0, 0, 0.25, 0.5], "texture": "#missing"}
			}
		},
		{
			"from": [4.75, 5.5, 15],
			"to": [5.25, 5.75, 16],
			"rotation": {"angle": 0, "axis": "y", "origin": [12.5, 13.5, 23]},
			"faces": {
				"north": {"uv": [0, 0, 0.25, 0.125], "texture": "#missing"},
				"east": {"uv": [0, 0, 0.5, 0.125], "texture": "#1"},
				"south": {"uv": [0, 0, 14.25, 5.125], "texture": "#8"},
				"west": {"uv": [0, 0, 0.5, 0.125], "texture": "#1"},
				"up": {"uv": [0, 0, 0.25, 0.5], "texture": "#1"},
				"down": {"uv": [0, 0, 0.25, 0.5], "texture": "#missing"}
			}
		},
		{
			"from": [4.75, 9.5, 15],
			"to": [5.25, 9.75, 16],
			"rotation": {"angle": 0, "axis": "y", "origin": [12.5, 17.5, 23]},
			"faces": {
				"north": {"uv": [0, 0, 0.25, 0.125], "texture": "#missing"},
				"east": {"uv": [0, 0, 0.5, 0.125], "texture": "#1"},
				"south": {"uv": [0, 0, 14.25, 5.125], "texture": "#8"},
				"west": {"uv": [0, 0, 0.5, 0.125], "texture": "#1"},
				"up": {"uv": [0, 0, 0.25, 0.5], "texture": "#1"},
				"down": {"uv": [0, 0, 0.25, 0.5], "texture": "#missing"}
			}
		},
		{
			"from": [4.75, 13.5, 15],
			"to": [5.25, 13.75, 16],
			"rotation": {"angle": 0, "axis": "y", "origin": [12.5, 21.5, 23]},
			"faces": {
				"north": {"uv": [0, 0, 0.25, 0.125], "texture": "#missing"},
				"east": {"uv": [0, 0, 0.5, 0.125], "texture": "#1"},
				"south": {"uv": [0, 0, 14.25, 5.125], "texture": "#8"},
				"west": {"uv": [0, 0, 0.5, 0.125], "texture": "#1"},
				"up": {"uv": [0, 0, 0.25, 0.5], "texture": "#1"},
				"down": {"uv": [0, 0, 0.25, 0.5], "texture": "#missing"}
			}
		},
		{
			"from": [6.25, 1, 15],
			"to": [7.25, 1.5, 16],
			"rotation": {"angle": 0, "axis": "y", "origin": [14.25, 9, 23]},
			"faces": {
				"north": {"uv": [0, 0, 0.5, 0.25], "texture": "#1"},
				"east": {"uv": [0, 0, 0.5, 0.25], "texture": "#1"},
				"south": {"uv": [0, 0, 15.5, 8.25], "texture": "#7"},
				"west": {"uv": [0, 0, 0.5, 0.25], "texture": "#1"},
				"up": {"uv": [0, 0, 0.5, 0.5], "texture": "#1"},
				"down": {"uv": [0, 0, 0.5, 0.5], "texture": "#1"}
			}
		},
		{
			"from": [6.25, 5, 15],
			"to": [7.25, 5.5, 16],
			"rotation": {"angle": 0, "axis": "y", "origin": [14.25, 13, 23]},
			"faces": {
				"north": {"uv": [0, 0, 0.5, 0.25], "texture": "#1"},
				"east": {"uv": [0, 0, 0.5, 0.25], "texture": "#1"},
				"south": {"uv": [0, 0, 15.5, 8.25], "texture": "#7"},
				"west": {"uv": [0, 0, 0.5, 0.25], "texture": "#1"},
				"up": {"uv": [0, 0, 0.5, 0.5], "texture": "#1"},
				"down": {"uv": [0, 0, 0.5, 0.5], "texture": "#1"}
			}
		},
		{
			"from": [6.25, 9, 15],
			"to": [7.25, 9.5, 16],
			"rotation": {"angle": 0, "axis": "y", "origin": [14.25, 17, 23]},
			"faces": {
				"north": {"uv": [0, 0, 0.5, 0.25], "texture": "#1"},
				"east": {"uv": [0, 0, 0.5, 0.25], "texture": "#1"},
				"south": {"uv": [0, 0, 15.5, 8.25], "texture": "#7"},
				"west": {"uv": [0, 0, 0.5, 0.25], "texture": "#1"},
				"up": {"uv": [0, 0, 0.5, 0.5], "texture": "#1"},
				"down": {"uv": [0, 0, 0.5, 0.5], "texture": "#1"}
			}
		},
		{
			"from": [6.25, 13, 15],
			"to": [7.25, 13.5, 16],
			"rotation": {"angle": 0, "axis": "y", "origin": [14.25, 21, 23]},
			"faces": {
				"north": {"uv": [0, 0, 0.5, 0.25], "texture": "#1"},
				"east": {"uv": [0, 0, 0.5, 0.25], "texture": "#1"},
				"south": {"uv": [0, 0, 15.5, 8.25], "texture": "#7"},
				"west": {"uv": [0, 0, 0.5, 0.25], "texture": "#1"},
				"up": {"uv": [0, 0, 0.5, 0.5], "texture": "#1"},
				"down": {"uv": [0, 0, 0.5, 0.5], "texture": "#1"}
			}
		},
		{
			"from": [6.5, 1.5, 15],
			"to": [7, 1.75, 16],
			"rotation": {"angle": 0, "axis": "y", "origin": [14.25, 9.5, 23]},
			"faces": {
				"north": {"uv": [0, 0, 0.25, 0.125], "texture": "#1"},
				"east": {"uv": [0, 0, 0.5, 0.125], "texture": "#1"},
				"south": {"uv": [0, 0, 14.25, 5.125], "texture": "#8"},
				"west": {"uv": [0, 0, 0.5, 0.125], "texture": "#1"},
				"up": {"uv": [0, 0, 0.25, 0.5], "texture": "#8"},
				"down": {"uv": [0, 0, 0.25, 0.5], "texture": "#1"}
			}
		},
		{
			"from": [6.5, 5.5, 15],
			"to": [7, 5.75, 16],
			"rotation": {"angle": 0, "axis": "y", "origin": [14.25, 13.5, 23]},
			"faces": {
				"north": {"uv": [0, 0, 0.25, 0.125], "texture": "#1"},
				"east": {"uv": [0, 0, 0.5, 0.125], "texture": "#1"},
				"south": {"uv": [0, 0, 14.25, 5.125], "texture": "#8"},
				"west": {"uv": [0, 0, 0.5, 0.125], "texture": "#1"},
				"up": {"uv": [0, 0, 0.25, 0.5], "texture": "#8"},
				"down": {"uv": [0, 0, 0.25, 0.5], "texture": "#1"}
			}
		},
		{
			"from": [6.5, 9.5, 15],
			"to": [7, 9.75, 16],
			"rotation": {"angle": 0, "axis": "y", "origin": [14.25, 17.5, 23]},
			"faces": {
				"north": {"uv": [0, 0, 0.25, 0.125], "texture": "#1"},
				"east": {"uv": [0, 0, 0.5, 0.125], "texture": "#1"},
				"south": {"uv": [0, 0, 14.25, 5.125], "texture": "#8"},
				"west": {"uv": [0, 0, 0.5, 0.125], "texture": "#1"},
				"up": {"uv": [0, 0, 0.25, 0.5], "texture": "#8"},
				"down": {"uv": [0, 0, 0.25, 0.5], "texture": "#1"}
			}
		},
		{
			"from": [6.5, 13.5, 15],
			"to": [7, 13.75, 16],
			"rotation": {"angle": 0, "axis": "y", "origin": [14.25, 21.5, 23]},
			"faces": {
				"north": {"uv": [0, 0, 0.25, 0.125], "texture": "#1"},
				"east": {"uv": [0, 0, 0.5, 0.125], "texture": "#1"},
				"south": {"uv": [0, 0, 14.25, 5.125], "texture": "#8"},
				"west": {"uv": [0, 0, 0.5, 0.125], "texture": "#1"},
				"up": {"uv": [0, 0, 0.25, 0.5], "texture": "#8"},
				"down": {"uv": [0, 0, 0.25, 0.5], "texture": "#1"}
			}
		},
		{
			"from": [8, 1, 15],
			"to": [9, 2.25, 16],
			"rotation": {"angle": 0, "axis": "y", "origin": [16, 9, 23]},
			"faces": {
				"north": {"uv": [0, 0, 0.5, 0.625], "texture": "#1"},
				"east": {"uv": [0, 0, 0.5, 0.625], "texture": "#1"},
				"south": {"uv": [0, 0, 12.5, 15.625], "texture": "#11"},
				"west": {"uv": [0, 0, 0.5, 0.625], "texture": "#1"},
				"up": {"uv": [0, 0, 0.5, 0.5], "texture": "#1"},
				"down": {"uv": [0, 0, 0.5, 0.5], "texture": "#1"}
			}
		},
		{
			"from": [8, 5, 15],
			"to": [9, 6.25, 16],
			"rotation": {"angle": 0, "axis": "y", "origin": [16, 13, 23]},
			"faces": {
				"north": {"uv": [0, 0, 0.5, 0.625], "texture": "#1"},
				"east": {"uv": [0, 0, 0.5, 0.625], "texture": "#1"},
				"south": {"uv": [0, 0, 12.5, 15.625], "texture": "#11"},
				"west": {"uv": [0, 0, 0.5, 0.625], "texture": "#1"},
				"up": {"uv": [0, 0, 0.5, 0.5], "texture": "#1"},
				"down": {"uv": [0, 0, 0.5, 0.5], "texture": "#1"}
			}
		},
		{
			"from": [8, 9, 15],
			"to": [9, 10.25, 16],
			"rotation": {"angle": 0, "axis": "y", "origin": [16, 17, 23]},
			"faces": {
				"north": {"uv": [0, 0, 0.5, 0.625], "texture": "#1"},
				"east": {"uv": [0, 0, 0.5, 0.625], "texture": "#1"},
				"south": {"uv": [0, 0, 12.5, 15.625], "texture": "#11"},
				"west": {"uv": [0, 0, 0.5, 0.625], "texture": "#1"},
				"up": {"uv": [0, 0, 0.5, 0.5], "texture": "#1"},
				"down": {"uv": [0, 0, 0.5, 0.5], "texture": "#1"}
			}
		},
		{
			"from": [8, 13, 15],
			"to": [9, 14.25, 16],
			"rotation": {"angle": 0, "axis": "y", "origin": [16, 21, 23]},
			"faces": {
				"north": {"uv": [0, 0, 0.5, 0.625], "texture": "#1"},
				"east": {"uv": [0, 0, 0.5, 0.625], "texture": "#1"},
				"south": {"uv": [0, 0, 12.5, 15.625], "texture": "#11"},
				"west": {"uv": [0, 0, 0.5, 0.625], "texture": "#1"},
				"up": {"uv": [0, 0, 0.5, 0.5], "texture": "#1"},
				"down": {"uv": [0, 0, 0.5, 0.5], "texture": "#1"}
			}
		},
		{
			"from": [9.75, 1, 15],
			"to": [10.75, 2.25, 16],
			"rotation": {"angle": 0, "axis": "y", "origin": [17.75, 9, 23]},
			"faces": {
				"north": {"uv": [0, 0, 0.5, 0.625], "texture": "#1"},
				"east": {"uv": [0, 0, 0.5, 0.625], "texture": "#1"},
				"south": {"uv": [0, 0, 12.5, 15.625], "texture": "#11"},
				"west": {"uv": [0, 0, 0.5, 0.625], "texture": "#1"},
				"up": {"uv": [0, 0, 0.5, 0.5], "texture": "#1"},
				"down": {"uv": [0, 0, 0.5, 0.5], "texture": "#1"}
			}
		},
		{
			"from": [9.75, 5, 15],
			"to": [10.75, 6.25, 16],
			"rotation": {"angle": 0, "axis": "y", "origin": [17.75, 13, 23]},
			"faces": {
				"north": {"uv": [0, 0, 0.5, 0.625], "texture": "#1"},
				"east": {"uv": [0, 0, 0.5, 0.625], "texture": "#1"},
				"south": {"uv": [0, 0, 12.5, 15.625], "texture": "#11"},
				"west": {"uv": [0, 0, 0.5, 0.625], "texture": "#1"},
				"up": {"uv": [0, 0, 0.5, 0.5], "texture": "#1"},
				"down": {"uv": [0, 0, 0.5, 0.5], "texture": "#1"}
			}
		},
		{
			"from": [9.75, 9, 15],
			"to": [10.75, 10.25, 16],
			"rotation": {"angle": 0, "axis": "y", "origin": [17.75, 17, 23]},
			"faces": {
				"north": {"uv": [0, 0, 0.5, 0.625], "texture": "#1"},
				"east": {"uv": [0, 0, 0.5, 0.625], "texture": "#1"},
				"south": {"uv": [0, 0, 12.5, 15.625], "texture": "#11"},
				"west": {"uv": [0, 0, 0.5, 0.625], "texture": "#1"},
				"up": {"uv": [0, 0, 0.5, 0.5], "texture": "#1"},
				"down": {"uv": [0, 0, 0.5, 0.5], "texture": "#1"}
			}
		},
		{
			"from": [9.75, 13, 15],
			"to": [10.75, 14.25, 16],
			"rotation": {"angle": 0, "axis": "y", "origin": [17.75, 21, 23]},
			"faces": {
				"north": {"uv": [0, 0, 0.5, 0.625], "texture": "#1"},
				"east": {"uv": [0, 0, 0.5, 0.625], "texture": "#1"},
				"south": {"uv": [0, 0, 12.5, 15.625], "texture": "#11"},
				"west": {"uv": [0, 0, 0.5, 0.625], "texture": "#1"},
				"up": {"uv": [0, 0, 0.5, 0.5], "texture": "#1"},
				"down": {"uv": [0, 0, 0.5, 0.5], "texture": "#1"}
			}
		},
		{
			"from": [11.5, 1, 15],
			"to": [12.5, 2.25, 16],
			"rotation": {"angle": 0, "axis": "y", "origin": [19.5, 9, 23]},
			"faces": {
				"north": {"uv": [0, 0, 0.5, 0.625], "texture": "#1"},
				"east": {"uv": [0, 0, 0.5, 0.625], "texture": "#1"},
				"south": {"uv": [0, 0, 12.5, 15.625], "texture": "#11"},
				"west": {"uv": [0, 0, 0.5, 0.625], "texture": "#1"},
				"up": {"uv": [0, 0, 0.5, 0.5], "texture": "#1"},
				"down": {"uv": [0, 0, 0.5, 0.5], "texture": "#1"}
			}
		},
		{
			"from": [11.5, 5, 15],
			"to": [12.5, 6.25, 16],
			"rotation": {"angle": 0, "axis": "y", "origin": [19.5, 13, 23]},
			"faces": {
				"north": {"uv": [0, 0, 0.5, 0.625], "texture": "#1"},
				"east": {"uv": [0, 0, 0.5, 0.625], "texture": "#1"},
				"south": {"uv": [0, 0, 12.5, 15.625], "texture": "#11"},
				"west": {"uv": [0, 0, 0.5, 0.625], "texture": "#1"},
				"up": {"uv": [0, 0, 0.5, 0.5], "texture": "#1"},
				"down": {"uv": [0, 0, 0.5, 0.5], "texture": "#1"}
			}
		},
		{
			"from": [11.5, 9, 15],
			"to": [12.5, 10.25, 16],
			"rotation": {"angle": 0, "axis": "y", "origin": [19.5, 17, 23]},
			"faces": {
				"north": {"uv": [0, 0, 0.5, 0.625], "texture": "#1"},
				"east": {"uv": [0, 0, 0.5, 0.625], "texture": "#1"},
				"south": {"uv": [0, 0, 12.5, 15.625], "texture": "#11"},
				"west": {"uv": [0, 0, 0.5, 0.625], "texture": "#1"},
				"up": {"uv": [0, 0, 0.5, 0.5], "texture": "#1"},
				"down": {"uv": [0, 0, 0.5, 0.5], "texture": "#1"}
			}
		},
		{
			"from": [11.5, 13, 15],
			"to": [12.5, 14.25, 16],
			"rotation": {"angle": 0, "axis": "y", "origin": [19.5, 21, 23]},
			"faces": {
				"north": {"uv": [0, 0, 0.5, 0.625], "texture": "#1"},
				"east": {"uv": [0, 0, 0.5, 0.625], "texture": "#1"},
				"south": {"uv": [0, 0, 12.5, 15.625], "texture": "#11"},
				"west": {"uv": [0, 0, 0.5, 0.625], "texture": "#1"},
				"up": {"uv": [0, 0, 0.5, 0.5], "texture": "#1"},
				"down": {"uv": [0, 0, 0.5, 0.5], "texture": "#1"}
			}
		},
		{
			"from": [4.5, 1.5, 15],
			"to": [4.75, 1.75, 16],
			"rotation": {"angle": 0, "axis": "y", "origin": [12.5, 8.75, 23]},
			"faces": {
				"north": {"uv": [0, 0, 0.125, 0.125], "texture": "#1"},
				"east": {"uv": [0, 0, 0.5, 0.125], "texture": "#1"},
				"south": {"uv": [0, 0, 15.125, 15.125], "texture": "#9"},
				"west": {"uv": [0, 0, 0.5, 0.125], "texture": "#1"},
				"up": {"uv": [0, 0, 0.125, 0.5], "texture": "#1"},
				"down": {"uv": [0, 0, 0.125, 0.5], "texture": "#1"}
			}
		},
		{
			"from": [4.5, 5.5, 15],
			"to": [4.75, 5.75, 16],
			"rotation": {"angle": 0, "axis": "y", "origin": [12.5, 12.75, 23]},
			"faces": {
				"north": {"uv": [0, 0, 0.125, 0.125], "texture": "#1"},
				"east": {"uv": [0, 0, 0.5, 0.125], "texture": "#1"},
				"south": {"uv": [0, 0, 15.125, 15.125], "texture": "#9"},
				"west": {"uv": [0, 0, 0.5, 0.125], "texture": "#1"},
				"up": {"uv": [0, 0, 0.125, 0.5], "texture": "#1"},
				"down": {"uv": [0, 0, 0.125, 0.5], "texture": "#1"}
			}
		},
		{
			"from": [4.5, 9.5, 15],
			"to": [4.75, 9.75, 16],
			"rotation": {"angle": 0, "axis": "y", "origin": [12.5, 16.75, 23]},
			"faces": {
				"north": {"uv": [0, 0, 0.125, 0.125], "texture": "#1"},
				"east": {"uv": [0, 0, 0.5, 0.125], "texture": "#1"},
				"south": {"uv": [0, 0, 15.125, 15.125], "texture": "#9"},
				"west": {"uv": [0, 0, 0.5, 0.125], "texture": "#1"},
				"up": {"uv": [0, 0, 0.125, 0.5], "texture": "#1"},
				"down": {"uv": [0, 0, 0.125, 0.5], "texture": "#1"}
			}
		},
		{
			"from": [4.5, 13.5, 15],
			"to": [4.75, 13.75, 16],
			"rotation": {"angle": 0, "axis": "y", "origin": [12.5, 20.75, 23]},
			"faces": {
				"north": {"uv": [0, 0, 0.125, 0.125], "texture": "#1"},
				"east": {"uv": [0, 0, 0.5, 0.125], "texture": "#1"},
				"south": {"uv": [0, 0, 15.125, 15.125], "texture": "#9"},
				"west": {"uv": [0, 0, 0.5, 0.125], "texture": "#1"},
				"up": {"uv": [0, 0, 0.125, 0.5], "texture": "#1"},
				"down": {"uv": [0, 0, 0.125, 0.5], "texture": "#1"}
			}
		},
		{
			"from": [6.25, 1.5, 15],
			"to": [6.5, 1.75, 16],
			"rotation": {"angle": 0, "axis": "y", "origin": [14.25, 8.75, 23]},
			"faces": {
				"north": {"uv": [0, 0, 0.125, 0.125], "texture": "#1"},
				"east": {"uv": [0, 0, 0.5, 0.125], "texture": "#1"},
				"south": {"uv": [0, 0, 15.125, 15.125], "texture": "#9"},
				"west": {"uv": [0, 0, 0.5, 0.125], "texture": "#1"},
				"up": {"uv": [0, 0, 0.125, 0.5], "texture": "#1"},
				"down": {"uv": [0, 0, 0.125, 0.5], "texture": "#1"}
			}
		},
		{
			"from": [6.25, 5.5, 15],
			"to": [6.5, 5.75, 16],
			"rotation": {"angle": 0, "axis": "y", "origin": [14.25, 12.75, 23]},
			"faces": {
				"north": {"uv": [0, 0, 0.125, 0.125], "texture": "#1"},
				"east": {"uv": [0, 0, 0.5, 0.125], "texture": "#1"},
				"south": {"uv": [0, 0, 15.125, 15.125], "texture": "#9"},
				"west": {"uv": [0, 0, 0.5, 0.125], "texture": "#1"},
				"up": {"uv": [0, 0, 0.125, 0.5], "texture": "#1"},
				"down": {"uv": [0, 0, 0.125, 0.5], "texture": "#1"}
			}
		},
		{
			"from": [6.25, 9.5, 15],
			"to": [6.5, 9.75, 16],
			"rotation": {"angle": 0, "axis": "y", "origin": [14.25, 16.75, 23]},
			"faces": {
				"north": {"uv": [0, 0, 0.125, 0.125], "texture": "#1"},
				"east": {"uv": [0, 0, 0.5, 0.125], "texture": "#1"},
				"south": {"uv": [0, 0, 15.125, 15.125], "texture": "#9"},
				"west": {"uv": [0, 0, 0.5, 0.125], "texture": "#1"},
				"up": {"uv": [0, 0, 0.125, 0.5], "texture": "#1"},
				"down": {"uv": [0, 0, 0.125, 0.5], "texture": "#1"}
			}
		},
		{
			"from": [6.25, 13.5, 15],
			"to": [6.5, 13.75, 16],
			"rotation": {"angle": 0, "axis": "y", "origin": [14.25, 20.75, 23]},
			"faces": {
				"north": {"uv": [0, 0, 0.125, 0.125], "texture": "#1"},
				"east": {"uv": [0, 0, 0.5, 0.125], "texture": "#1"},
				"south": {"uv": [0, 0, 15.125, 15.125], "texture": "#9"},
				"west": {"uv": [0, 0, 0.5, 0.125], "texture": "#1"},
				"up": {"uv": [0, 0, 0.125, 0.5], "texture": "#1"},
				"down": {"uv": [0, 0, 0.125, 0.5], "texture": "#1"}
			}
		},
		{
			"from": [5.25, 1.5, 15],
			"to": [5.5, 1.75, 16],
			"rotation": {"angle": 0, "axis": "y", "origin": [13.25, 8.75, 23]},
			"faces": {
				"north": {"uv": [0, 0, 0.125, 0.125], "texture": "#1"},
				"east": {"uv": [0, 0, 0.5, 0.125], "texture": "#1"},
				"south": {"uv": [0, 0, 15.125, 15.125], "texture": "#10"},
				"west": {"uv": [0, 0, 0.5, 0.125], "texture": "#1"},
				"up": {"uv": [0, 0, 0.125, 0.5], "texture": "#1"},
				"down": {"uv": [0, 0, 0.125, 0.5], "texture": "#1"}
			}
		},
		{
			"from": [5.25, 5.5, 15],
			"to": [5.5, 5.75, 16],
			"rotation": {"angle": 0, "axis": "y", "origin": [13.25, 12.75, 23]},
			"faces": {
				"north": {"uv": [0, 0, 0.125, 0.125], "texture": "#1"},
				"east": {"uv": [0, 0, 0.5, 0.125], "texture": "#1"},
				"south": {"uv": [0, 0, 15.125, 15.125], "texture": "#10"},
				"west": {"uv": [0, 0, 0.5, 0.125], "texture": "#1"},
				"up": {"uv": [0, 0, 0.125, 0.5], "texture": "#1"},
				"down": {"uv": [0, 0, 0.125, 0.5], "texture": "#1"}
			}
		},
		{
			"from": [5.25, 9.5, 15],
			"to": [5.5, 9.75, 16],
			"rotation": {"angle": 0, "axis": "y", "origin": [13.25, 16.75, 23]},
			"faces": {
				"north": {"uv": [0, 0, 0.125, 0.125], "texture": "#1"},
				"east": {"uv": [0, 0, 0.5, 0.125], "texture": "#1"},
				"south": {"uv": [0, 0, 15.125, 15.125], "texture": "#10"},
				"west": {"uv": [0, 0, 0.5, 0.125], "texture": "#1"},
				"up": {"uv": [0, 0, 0.125, 0.5], "texture": "#1"},
				"down": {"uv": [0, 0, 0.125, 0.5], "texture": "#1"}
			}
		},
		{
			"from": [5.25, 13.5, 15],
			"to": [5.5, 13.75, 16],
			"rotation": {"angle": 0, "axis": "y", "origin": [13.25, 20.75, 23]},
			"faces": {
				"north": {"uv": [0, 0, 0.125, 0.125], "texture": "#1"},
				"east": {"uv": [0, 0, 0.5, 0.125], "texture": "#1"},
				"south": {"uv": [0, 0, 15.125, 15.125], "texture": "#10"},
				"west": {"uv": [0, 0, 0.5, 0.125], "texture": "#1"},
				"up": {"uv": [0, 0, 0.125, 0.5], "texture": "#1"},
				"down": {"uv": [0, 0, 0.125, 0.5], "texture": "#1"}
			}
		},
		{
			"from": [7, 1.5, 15],
			"to": [7.25, 1.75, 16],
			"rotation": {"angle": 0, "axis": "y", "origin": [15, 8.75, 23]},
			"faces": {
				"north": {"uv": [0, 0, 0.125, 0.125], "texture": "#1"},
				"east": {"uv": [0, 0, 0.5, 0.125], "texture": "#1"},
				"south": {"uv": [0, 0, 15.125, 15.125], "texture": "#10"},
				"west": {"uv": [0, 0, 0.5, 0.125], "texture": "#1"},
				"up": {"uv": [0, 0, 0.125, 0.5], "texture": "#1"},
				"down": {"uv": [0, 0, 0.125, 0.5], "texture": "#1"}
			}
		},
		{
			"from": [7, 5.5, 15],
			"to": [7.25, 5.75, 16],
			"rotation": {"angle": 0, "axis": "y", "origin": [15, 12.75, 23]},
			"faces": {
				"north": {"uv": [0, 0, 0.125, 0.125], "texture": "#1"},
				"east": {"uv": [0, 0, 0.5, 0.125], "texture": "#1"},
				"south": {"uv": [0, 0, 15.125, 15.125], "texture": "#10"},
				"west": {"uv": [0, 0, 0.5, 0.125], "texture": "#1"},
				"up": {"uv": [0, 0, 0.125, 0.5], "texture": "#1"},
				"down": {"uv": [0, 0, 0.125, 0.5], "texture": "#1"}
			}
		},
		{
			"from": [7, 9.5, 15],
			"to": [7.25, 9.75, 16],
			"rotation": {"angle": 0, "axis": "y", "origin": [15, 16.75, 23]},
			"faces": {
				"north": {"uv": [0, 0, 0.125, 0.125], "texture": "#1"},
				"east": {"uv": [0, 0, 0.5, 0.125], "texture": "#1"},
				"south": {"uv": [0, 0, 15.125, 15.125], "texture": "#10"},
				"west": {"uv": [0, 0, 0.5, 0.125], "texture": "#1"},
				"up": {"uv": [0, 0, 0.125, 0.5], "texture": "#1"},
				"down": {"uv": [0, 0, 0.125, 0.5], "texture": "#1"}
			}
		},
		{
			"from": [7, 13.5, 15],
			"to": [7.25, 13.75, 16],
			"rotation": {"angle": 0, "axis": "y", "origin": [15, 20.75, 23]},
			"faces": {
				"north": {"uv": [0, 0, 0.125, 0.125], "texture": "#1"},
				"east": {"uv": [0, 0, 0.5, 0.125], "texture": "#1"},
				"south": {"uv": [0, 0, 15.125, 15.125], "texture": "#10"},
				"west": {"uv": [0, 0, 0.5, 0.125], "texture": "#1"},
				"up": {"uv": [0, 0, 0.125, 0.5], "texture": "#1"},
				"down": {"uv": [0, 0, 0.125, 0.5], "texture": "#1"}
			}
		}
	],
	"display": {
		"thirdperson_righthand": {
			"scale": [0.31, 0.31, 0.31]
		},
		"gui": {
			"rotation": [23, 45, 0],
			"scale": [0.56, 0.56, 0.56]
		}
	}
}