{
	"credit": "Made with Blockbench",
	"textures": {
		"0": "block/texture_white",
		"1": "block/texture_black",
		"2": "block/texture_light_blue",
		"3": "block/afp/texture_plate",
		"particle": "block/texture_white"
	},
	"elements": [
		{
			"from": [-0.5, 0, -0.5],
			"to": [0.5, 16, 0.5],
			"rotation": {"angle": 0, "axis": "y", "origin": [7.5, 8, 7.5]},
			"faces": {
				"north": {"uv": [0, 0, 1, 16], "texture": "#1"},
				"east": {"uv": [0, 0, 1, 16], "texture": "#1"},
				"south": {"uv": [0, 0, 1, 16], "texture": "#1"},
				"west": {"uv": [0, 0, 1, 16], "texture": "#1"},
				"up": {"uv": [0, 0, 1, 1], "texture": "#1"},
				"down": {"uv": [0, 0, 1, 1], "texture": "#1"}
			}
		},
		{
			"from": [-0.5, 0, 15.5],
			"to": [0.5, 16, 16.5],
			"rotation": {"angle": 0, "axis": "y", "origin": [7.5, 8, 23.5]},
			"faces": {
				"north": {"uv": [0, 0, 1, 16], "texture": "#1"},
				"east": {"uv": [0, 0, 1, 16], "texture": "#1"},
				"south": {"uv": [0, 0, 1, 16], "texture": "#1"},
				"west": {"uv": [0, 0, 1, 16], "texture": "#1"},
				"up": {"uv": [0, 0, 1, 1], "texture": "#1"},
				"down": {"uv": [0, 0, 1, 1], "texture": "#1"}
			}
		},
		{
			"from": [15.5, 0, 15.5],
			"to": [16.5, 16, 16.5],
			"rotation": {"angle": 0, "axis": "y", "origin": [23.5, 8, 23.5]},
			"faces": {
				"north": {"uv": [0, 0, 1, 16], "texture": "#1"},
				"east": {"uv": [0, 0, 1, 16], "texture": "#1"},
				"south": {"uv": [0, 0, 1, 16], "texture": "#1"},
				"west": {"uv": [0, 0, 1, 16], "texture": "#1"},
				"up": {"uv": [0, 0, 1, 1], "texture": "#1"},
				"down": {"uv": [0, 0, 1, 1], "texture": "#1"}
			}
		},
		{
			"from": [15.5, 0, -0.5],
			"to": [16.5, 16, 0.5],
			"rotation": {"angle": 0, "axis": "y", "origin": [23.5, 8, 7.5]},
			"faces": {
				"north": {"uv": [0, 0, 1, 16], "texture": "#1"},
				"east": {"uv": [0, 0, 1, 16], "texture": "#1"},
				"south": {"uv": [0, 0, 1, 16], "texture": "#1"},
				"west": {"uv": [0, 0, 1, 16], "texture": "#1"},
				"up": {"uv": [0, 0, 1, 1], "texture": "#1"},
				"down": {"uv": [0, 0, 1, 1], "texture": "#1"}
			}
		},
		{
			"from": [-1, 17, -1],
			"to": [17, 18, 0],
			"rotation": {"angle": 0, "axis": "y", "origin": [7, 25, 7]},
			"faces": {
				"north": {"uv": [0, 0, 16, 1], "texture": "#1"},
				"east": {"uv": [0, 0, 1, 1], "texture": "#1"},
				"south": {"uv": [0, 0, 16, 1], "texture": "#1"},
				"west": {"uv": [0, 0, 1, 1], "texture": "#1"},
				"up": {"uv": [0, 0, 16, 1], "texture": "#1"},
				"down": {"uv": [0, 0, 16, 1], "texture": "#1"}
			}
		},
		{
			"from": [-1, 17, 16],
			"to": [17, 18, 17],
			"rotation": {"angle": 0, "axis": "y", "origin": [7, 25, 24]},
			"faces": {
				"north": {"uv": [0, 0, 16, 1], "texture": "#1"},
				"east": {"uv": [0, 0, 1, 1], "texture": "#1"},
				"south": {"uv": [0, 0, 16, 1], "texture": "#1"},
				"west": {"uv": [0, 0, 1, 1], "texture": "#1"},
				"up": {"uv": [0, 0, 16, 1], "texture": "#1"},
				"down": {"uv": [0, 0, 16, 1], "texture": "#1"}
			}
		},
		{
			"from": [-1, 17, 0],
			"to": [0, 18, 16],
			"rotation": {"angle": 0, "axis": "y", "origin": [7, 25, 23]},
			"faces": {
				"north": {"uv": [0, 0, 1, 1], "texture": "#1"},
				"east": {"uv": [0, 0, 16, 1], "texture": "#1"},
				"south": {"uv": [0, 0, 1, 1], "texture": "#1"},
				"west": {"uv": [0, 0, 16, 1], "texture": "#1"},
				"up": {"uv": [0, 0, 1, 16], "texture": "#1"},
				"down": {"uv": [0, 0, 1, 16], "texture": "#1"}
			}
		},
		{
			"from": [16, 17, 0],
			"to": [17, 18, 16],
			"rotation": {"angle": 0, "axis": "y", "origin": [24, 25, 23]},
			"faces": {
				"north": {"uv": [0, 0, 1, 1], "texture": "#1"},
				"east": {"uv": [0, 0, 16, 1], "texture": "#1"},
				"south": {"uv": [0, 0, 1, 1], "texture": "#1"},
				"west": {"uv": [0, 0, 16, 1], "texture": "#1"},
				"up": {"uv": [0, 0, 1, 16], "texture": "#1"},
				"down": {"uv": [0, 0, 1, 16], "texture": "#1"}
			}
		},
		{
			"from": [-1, 16, -1],
			"to": [17, 17, 17],
			"rotation": {"angle": 0, "axis": "y", "origin": [7, 24, 7]},
			"faces": {
				"north": {"uv": [0, 0, 16, 1], "texture": "#2"},
				"east": {"uv": [0, 0, 16, 1], "texture": "#2"},
				"south": {"uv": [0, 0, 16, 1], "texture": "#2"},
				"west": {"uv": [0, 0, 16, 1], "texture": "#2"},
				"up": {"uv": [0, 0, 16, 16], "texture": "#2"},
				"down": {"uv": [0, 0, 16, 16], "texture": "#2"}
			}
		},
		{
			"from": [-6.25, 7.75, -1.25],
			"to": [-3, 8.75, 17.25],
			"rotation": {"angle": 45, "axis": "z", "origin": [-13, 15.75, 7]},
			"faces": {
				"north": {"uv": [0, 0, 3.25, 1], "texture": "#1"},
				"east": {"uv": [0, 0, 16, 1], "texture": "#1"},
				"south": {"uv": [0, 0, 3.25, 1], "texture": "#1"},
				"west": {"uv": [0, 0, 16, 1], "texture": "#1"},
				"up": {"uv": [0, 0, 3.25, 16], "texture": "#1"},
				"down": {"uv": [0, 0, 3.25, 16], "texture": "#1"}
			}
		},
		{
			"from": [24.25, 19.5, -1.25],
			"to": [27.5, 20.5, 17.25],
			"rotation": {"angle": -45, "axis": "z", "origin": [17.5, 27.5, 7]},
			"faces": {
				"north": {"uv": [0, 0, 3.25, 1], "texture": "#1"},
				"east": {"uv": [0, 0, 16, 1], "texture": "#1"},
				"south": {"uv": [0, 0, 3.25, 1], "texture": "#1"},
				"west": {"uv": [0, 0, 16, 1], "texture": "#1"},
				"up": {"uv": [0, 0, 3.25, 16], "texture": "#1"},
				"down": {"uv": [0, 0, 3.25, 16], "texture": "#1"}
			}
		},
		{
			"from": [-1.25, 7.75, -6.25],
			"to": [17.25, 8.75, -3],
			"rotation": {"angle": -45, "axis": "x", "origin": [7, 15.75, -13]},
			"faces": {
				"north": {"uv": [0, 0, 16, 1], "texture": "#1"},
				"east": {"uv": [0, 0, 3.25, 1], "texture": "#1"},
				"south": {"uv": [0, 0, 16, 1], "texture": "#1"},
				"west": {"uv": [0, 0, 3.25, 1], "texture": "#1"},
				"up": {"uv": [0, 0, 16, 3.25], "texture": "#1"},
				"down": {"uv": [0, 0, 16, 3.25], "texture": "#1"}
			}
		},
		{
			"from": [-1.25, 19.5, 24],
			"to": [17.25, 20.5, 27.25],
			"rotation": {"angle": 45, "axis": "x", "origin": [7, 27.5, 17.25]},
			"faces": {
				"north": {"uv": [0, 0, 16, 1], "texture": "#1"},
				"east": {"uv": [0, 0, 3.25, 1], "texture": "#1"},
				"south": {"uv": [0, 0, 16, 1], "texture": "#1"},
				"west": {"uv": [0, 0, 3.25, 1], "texture": "#1"},
				"up": {"uv": [0, 0, 16, 3.25], "texture": "#1"},
				"down": {"uv": [0, 0, 16, 3.25], "texture": "#1"}
			}
		},
		{
			"from": [1, 17, 1],
			"to": [15, 18, 15],
			"rotation": {"angle": 0, "axis": "y", "origin": [7, 25, 7]},
			"faces": {
				"north": {"uv": [0, 0, 14, 1], "texture": "#1"},
				"east": {"uv": [0, 0, 14, 1], "texture": "#1"},
				"south": {"uv": [0, 0, 14, 1], "texture": "#1"},
				"west": {"uv": [0, 0, 14, 1], "texture": "#1"},
				"up": {"uv": [0, 0, 14, 14], "texture": "#3"},
				"down": {"uv": [0, 0, 14, 14], "texture": "#1"}
			}
		},
		{
			"from": [-1, 14, -1],
			"to": [17, 15, 17],
			"rotation": {"angle": 0, "axis": "y", "origin": [7, 22, 7]},
			"faces": {
				"north": {"uv": [0, 0, 16, 1], "texture": "#2"},
				"east": {"uv": [0, 0, 16, 1], "texture": "#2"},
				"south": {"uv": [0, 0, 16, 1], "texture": "#2"},
				"west": {"uv": [0, 0, 16, 1], "texture": "#2"},
				"up": {"uv": [0, 0, 16, 16], "texture": "#2"},
				"down": {"uv": [0, 0, 16, 16], "texture": "#2"}
			}
		},
		{
			"from": [-1, 2, -1],
			"to": [17, 3, 17],
			"rotation": {"angle": 0, "axis": "y", "origin": [7, 10, 7]},
			"faces": {
				"north": {"uv": [0, 0, 16, 1], "texture": "#2"},
				"east": {"uv": [0, 0, 16, 1], "texture": "#2"},
				"south": {"uv": [0, 0, 16, 1], "texture": "#2"},
				"west": {"uv": [0, 0, 16, 1], "texture": "#2"},
				"up": {"uv": [0, 0, 16, 16], "texture": "#2"},
				"down": {"uv": [0, 0, 16, 16], "texture": "#2"}
			}
		},
		{
			"from": [-0.25, 0, -0.25],
			"to": [16.25, 16, 16.25],
			"faces": {
				"north": {"uv": [0, 0, 16, 16], "texture": "#0"},
				"east": {"uv": [0, 0, 16, 16], "texture": "#0"},
				"south": {"uv": [0, 0, 16, 16], "texture": "#0"},
				"west": {"uv": [0, 0, 16, 16], "texture": "#0"},
				"up": {"uv": [0, 0, 16, 16], "texture": "#0"},
				"down": {"uv": [0, 0, 16, 16], "texture": "#0"}
			}
		}
	],
	"display": {
		"thirdperson_righthand": {
			"scale": [0.31, 0.31, 0.31]
		},
		"gui": {
			"rotation": [23, 45, 0],
			"scale": [0.56, 0.56, 0.56]
		}
	}
}