{
	"credit": "Made with Blockbench, by Der_Bejijing",
	"texture_size": [32, 32],
	"textures": {
		"0": "block/texture_server/texture_feet",
		"1": "block/texture_server/texture_case",
		"2": "block/texture_server/texture_rack_side",
		"3": "block/texture_server/texture_rack_front",
		"4": "block/texture_server/texture_rack_back",
		"5": "block/texture_server/texture_power_plug",
		"6": "block/texture_server/texture_vga",
		"7": "block/texture_server/texture_net_port",
		"8": "block/texture_server/texture_net_port_up",
		"9": "block/texture_server/texture_net_signal_green",
		"10": "block/texture_server/texture_net_signal_orange",
		"11": "block/texture_server/texture_usb_port",
		"particle": "block/texture_server/texture_feet"
	},
	"elements": [
		{
			"from": [0, 0, 0.5],
			"to": [1, 0.75, 3.5],
			"rotation": {"angle": 0, "axis": "y", "origin": [8, 8, 8.5]},
			"faces": {
				"north": {"uv": [0, 0, 0.5, 0.375], "texture": "#0"},
				"east": {"uv": [0, 0, 1.5, 0.375], "texture": "#0"},
				"south": {"uv": [0, 0, 0.5, 0.375], "texture": "#0"},
				"west": {"uv": [0, 0, 1.5, 0.375], "texture": "#0"},
				"up": {"uv": [0, 0, 0.5, 1.5], "texture": "#0"},
				"down": {"uv": [0, 0, 0.5, 1.5], "texture": "#0"}
			}
		},
		{
			"from": [0, 0.75, 0],
			"to": [1, 1, 16],
			"rotation": {"angle": 0, "axis": "y", "origin": [8, 8.75, 8]},
			"faces": {
				"north": {"uv": [0, 0, 0.5, 0.125], "texture": "#1"},
				"east": {"uv": [0, 0, 8, 0.125], "texture": "#1"},
				"south": {"uv": [0, 0, 0.5, 0.125], "texture": "#1"},
				"west": {"uv": [0, 0, 8, 0.125], "texture": "#1"},
				"up": {"uv": [0, 0, 0.5, 8], "texture": "#1"},
				"down": {"uv": [0, 0, 0.5, 8], "texture": "#1"}
			}
		},
		{
			"from": [0, 1, 0],
			"to": [1, 3.75, 0.25],
			"rotation": {"angle": 0, "axis": "y", "origin": [8, 9, 8]},
			"faces": {
				"north": {"uv": [0, 0, 0.5, 1.375], "texture": "#1"},
				"east": {"uv": [0, 0, 0.125, 1.375], "texture": "#1"},
				"south": {"uv": [0, 0, 0.5, 1.375], "texture": "#1"},
				"west": {"uv": [0, 0, 0.125, 1.375], "texture": "#1"},
				"up": {"uv": [0, 0, 0.5, 0.125], "texture": "#1"},
				"down": {"uv": [0, 0, 0.5, 0.125], "texture": "#1"}
			}
		},
		{
			"from": [0, 1, 15],
			"to": [1, 3.75, 15.25],
			"rotation": {"angle": 0, "axis": "y", "origin": [8, 9, 23]},
			"faces": {
				"north": {"uv": [0, 0, 0.5, 1.375], "texture": "#1"},
				"east": {"uv": [0, 0, 0.125, 1.375], "texture": "#1"},
				"south": {"uv": [0, 0, 0.5, 1.375], "texture": "#1"},
				"west": {"uv": [0, 0, 0.125, 1.375], "texture": "#1"},
				"up": {"uv": [0, 0, 0.5, 0.125], "texture": "#1"},
				"down": {"uv": [0, 0, 0.5, 0.125], "texture": "#1"}
			}
		},
		{
			"from": [15, 1, 15],
			"to": [16, 3.75, 15.25],
			"rotation": {"angle": 0, "axis": "y", "origin": [23, 9, 23]},
			"faces": {
				"north": {"uv": [0, 0, 0.5, 1.375], "texture": "#1"},
				"east": {"uv": [0, 0, 0.125, 1.375], "texture": "#1"},
				"south": {"uv": [0, 0, 0.5, 1.375], "texture": "#1"},
				"west": {"uv": [0, 0, 0.125, 1.375], "texture": "#1"},
				"up": {"uv": [0, 0, 0.5, 0.125], "texture": "#1"},
				"down": {"uv": [0, 0, 0.5, 0.125], "texture": "#1"}
			}
		},
		{
			"from": [15, 1, 0],
			"to": [16, 3.75, 0.25],
			"rotation": {"angle": 0, "axis": "y", "origin": [23, 9, 8]},
			"faces": {
				"north": {"uv": [0, 0, 0.5, 1.375], "texture": "#1"},
				"east": {"uv": [0, 0, 0.125, 1.375], "texture": "#1"},
				"south": {"uv": [0, 0, 0.5, 1.375], "texture": "#1"},
				"west": {"uv": [0, 0, 0.125, 1.375], "texture": "#1"},
				"up": {"uv": [0, 0, 0.5, 0.125], "texture": "#1"},
				"down": {"uv": [0, 0, 0.5, 0.125], "texture": "#1"}
			}
		},
		{
			"from": [15, 0.75, 0],
			"to": [16, 1, 16],
			"rotation": {"angle": 0, "axis": "y", "origin": [23, 8.75, 8]},
			"faces": {
				"north": {"uv": [0, 0, 0.5, 0.125], "texture": "#1"},
				"east": {"uv": [0, 0, 8, 0.125], "texture": "#1"},
				"south": {"uv": [0, 0, 0.5, 0.125], "texture": "#1"},
				"west": {"uv": [0, 0, 8, 0.125], "texture": "#1"},
				"up": {"uv": [0, 0, 0.5, 8], "texture": "#1"},
				"down": {"uv": [0, 0, 0.5, 8], "texture": "#1"}
			}
		},
		{
			"from": [15, 3.75, 0],
			"to": [16, 4, 16],
			"rotation": {"angle": 0, "axis": "y", "origin": [23, 11.75, 8]},
			"faces": {
				"north": {"uv": [0, 0, 0.5, 0.125], "texture": "#1"},
				"east": {"uv": [0, 0, 8, 0.125], "texture": "#1"},
				"south": {"uv": [0, 0, 0.5, 0.125], "texture": "#1"},
				"west": {"uv": [0, 0, 8, 0.125], "texture": "#1"},
				"up": {"uv": [0, 0, 0.5, 8], "texture": "#1"},
				"down": {"uv": [0, 0, 0.5, 8], "texture": "#1"}
			}
		},
		{
			"from": [0, 3.75, 0],
			"to": [1, 4, 16],
			"rotation": {"angle": 0, "axis": "y", "origin": [8, 11.75, 8]},
			"faces": {
				"north": {"uv": [0, 0, 0.5, 0.125], "texture": "#1"},
				"east": {"uv": [0, 0, 8, 0.125], "texture": "#1"},
				"south": {"uv": [0, 0, 0.5, 0.125], "texture": "#1"},
				"west": {"uv": [0, 0, 8, 0.125], "texture": "#1"},
				"up": {"uv": [0, 0, 0.5, 8], "texture": "#1"},
				"down": {"uv": [0, 0, 0.5, 8], "texture": "#1"}
			}
		},
		{
			"from": [1, 0.75, 1],
			"to": [15, 1, 16],
			"rotation": {"angle": 0, "axis": "y", "origin": [22, 8.75, -6]},
			"faces": {
				"north": {"uv": [0, 0, 7, 0.125], "texture": "#1"},
				"east": {"uv": [0, 0, 7.5, 0.125], "texture": "#1"},
				"south": {"uv": [0, 0, 7, 0.125], "texture": "#1"},
				"west": {"uv": [0, 0, 7.5, 0.125], "texture": "#1"},
				"up": {"uv": [0, 0, 7, 7.5], "texture": "#1"},
				"down": {"uv": [0, 0, 7, 7.5], "texture": "#1"}
			}
		},
		{
			"from": [1, 3.75, 1],
			"to": [15, 4, 16],
			"rotation": {"angle": 0, "axis": "y", "origin": [22, 11.75, -6]},
			"faces": {
				"north": {"uv": [0, 0, 7, 0.125], "texture": "#1"},
				"east": {"uv": [0, 0, 7.5, 0.125], "texture": "#1"},
				"south": {"uv": [0, 0, 7, 0.125], "texture": "#1"},
				"west": {"uv": [0, 0, 7.5, 0.125], "texture": "#1"},
				"up": {"uv": [0, 0, 7, 7.5], "texture": "#1"},
				"down": {"uv": [0, 0, 7, 7.5], "texture": "#1"}
			}
		},
		{
			"from": [15, 0, 0.5],
			"to": [16, 0.75, 3.5],
			"rotation": {"angle": 0, "axis": "y", "origin": [23, 8, 8.5]},
			"faces": {
				"north": {"uv": [0, 0, 0.5, 0.375], "texture": "#0"},
				"east": {"uv": [0, 0, 1.5, 0.375], "texture": "#0"},
				"south": {"uv": [0, 0, 0.5, 0.375], "texture": "#0"},
				"west": {"uv": [0, 0, 1.5, 0.375], "texture": "#0"},
				"up": {"uv": [0, 0, 0.5, 1.5], "texture": "#0"},
				"down": {"uv": [0, 0, 0.5, 1.5], "texture": "#0"}
			}
		},
		{
			"from": [15, 0, 12.5],
			"to": [16, 0.75, 15.5],
			"rotation": {"angle": 0, "axis": "y", "origin": [23, 8, 20.5]},
			"faces": {
				"north": {"uv": [0, 0, 0.5, 0.375], "texture": "#0"},
				"east": {"uv": [0, 0, 1.5, 0.375], "texture": "#0"},
				"south": {"uv": [0, 0, 0.5, 0.375], "texture": "#0"},
				"west": {"uv": [0, 0, 1.5, 0.375], "texture": "#0"},
				"up": {"uv": [0, 0, 0.5, 1.5], "texture": "#0"},
				"down": {"uv": [0, 0, 0.5, 1.5], "texture": "#0"}
			}
		},
		{
			"from": [0, 0, 12.5],
			"to": [1, 0.75, 15.5],
			"rotation": {"angle": 0, "axis": "y", "origin": [8, 8, 20.5]},
			"faces": {
				"north": {"uv": [0, 0, 0.5, 0.375], "texture": "#0"},
				"east": {"uv": [0, 0, 1.5, 0.375], "texture": "#0"},
				"south": {"uv": [0, 0, 0.5, 0.375], "texture": "#0"},
				"west": {"uv": [0, 0, 1.5, 0.375], "texture": "#0"},
				"up": {"uv": [0, 0, 0.5, 1.5], "texture": "#0"},
				"down": {"uv": [0, 0, 0.5, 1.5], "texture": "#0"}
			}
		},
		{
			"from": [1, 1, 1.75],
			"to": [15, 3.75, 15.75],
			"rotation": {"angle": 0, "axis": "y", "origin": [9, 9, 9.75]},
			"faces": {
				"north": {"uv": [0, 0, 16, 8.375], "texture": "#3"},
				"east": {"uv": [0, 0, 7.125, 1.375], "texture": "#2"},
				"south": {"uv": [0, 0, 16, 7.375], "texture": "#4"},
				"west": {"uv": [0, 0, 7.125, 1.375], "texture": "#2"},
				"up": {"uv": [0, 0, 7, 7.125], "texture": "#missing"},
				"down": {"uv": [0, 0, 7, 7.125], "texture": "#missing"}
			}
		},
		{
			"from": [1, 1, 1.5],
			"to": [1.5, 3.75, 1.75],
			"rotation": {"angle": 0, "axis": "y", "origin": [9, 9, 9]},
			"faces": {
				"north": {"uv": [0, 0, 0.25, 1.375], "texture": "#0"},
				"east": {"uv": [0, 0, 0.125, 1.375], "texture": "#0"},
				"south": {"uv": [0, 0, 0.25, 1.375], "texture": "#0"},
				"west": {"uv": [0, 0, 0.125, 1.375], "texture": "#0"},
				"up": {"uv": [0, 0, 0.25, 0.125], "texture": "#0"},
				"down": {"uv": [0, 0, 0.25, 0.125], "texture": "#0"}
			}
		},
		{
			"from": [14.5, 1, 1.5],
			"to": [15, 3.75, 1.75],
			"rotation": {"angle": 0, "axis": "y", "origin": [22.5, 9, 9]},
			"faces": {
				"north": {"uv": [0, 0, 0.25, 1.375], "texture": "#0"},
				"east": {"uv": [0, 0, 0.125, 1.375], "texture": "#0"},
				"south": {"uv": [0, 0, 0.25, 1.375], "texture": "#0"},
				"west": {"uv": [0, 0, 0.125, 1.375], "texture": "#0"},
				"up": {"uv": [0, 0, 0.25, 0.125], "texture": "#0"},
				"down": {"uv": [0, 0, 0.25, 0.125], "texture": "#0"}
			}
		},
		{
			"from": [1, 1, 15.75],
			"to": [2, 3.75, 16],
			"rotation": {"angle": 0, "axis": "y", "origin": [9, 9, 23]},
			"faces": {
				"north": {"uv": [0, 0, 0.5, 1.375], "texture": "#2"},
				"east": {"uv": [0, 0, 0.125, 1.375], "texture": "#2"},
				"south": {"uv": [0, 0, 0.5, 1.375], "texture": "#2"},
				"west": {"uv": [0, 0, 0.125, 1.375], "texture": "#2"},
				"up": {"uv": [0, 0, 0.5, 0.125], "texture": "#2"},
				"down": {"uv": [0, 0, 0.5, 0.125], "texture": "#2"}
			}
		},
		{
			"from": [14, 1, 15.75],
			"to": [15, 3.75, 16],
			"rotation": {"angle": 0, "axis": "y", "origin": [22, 9, 23]},
			"faces": {
				"north": {"uv": [0, 0, 0.5, 1.375], "texture": "#2"},
				"east": {"uv": [0, 0, 0.125, 1.375], "texture": "#2"},
				"south": {"uv": [0, 0, 0.5, 1.375], "texture": "#2"},
				"west": {"uv": [0, 0, 0.125, 1.375], "texture": "#2"},
				"up": {"uv": [0, 0, 0.5, 0.125], "texture": "#2"},
				"down": {"uv": [0, 0, 0.5, 0.125], "texture": "#2"}
			}
		},
		{
			"from": [2, 3.5, 15.75],
			"to": [14, 3.75, 16],
			"rotation": {"angle": 0, "axis": "y", "origin": [21, 9, 23]},
			"faces": {
				"north": {"uv": [0, 0, 6, 0.125], "texture": "#2"},
				"east": {"uv": [0, 0, 0.125, 0.125], "texture": "#2"},
				"south": {"uv": [0, 0, 6, 0.125], "texture": "#2"},
				"west": {"uv": [0, 0, 0.125, 0.125], "texture": "#2"},
				"up": {"uv": [0, 0, 6, 0.125], "texture": "#2"},
				"down": {"uv": [0, 0, 6, 0.125], "texture": "#2"}
			}
		},
		{
			"from": [2.25, 3, 15.75],
			"to": [3.5, 3.25, 16],
			"rotation": {"angle": 0, "axis": "y", "origin": [10, 10.25, 23]},
			"faces": {
				"north": {"uv": [0, 0, 0.625, 0.125], "texture": "#missing"},
				"east": {"uv": [0, 0, 0.125, 0.125], "texture": "#2"},
				"south": {"uv": [0, 0, 1.625, 0.125], "texture": "#5"},
				"west": {"uv": [0, 0, 0.125, 0.125], "texture": "#2"},
				"up": {"uv": [0, 0, 0.625, 0.125], "texture": "#2"},
				"down": {"uv": [0, 0, 0.625, 0.125], "texture": "#missing"}
			}
		},
		{
			"from": [2, 2.25, 15.75],
			"to": [3.75, 3, 16],
			"rotation": {"angle": 0, "axis": "y", "origin": [10, 10, 23]},
			"faces": {
				"north": {"uv": [0, 0, 0.875, 0.375], "texture": "#missing"},
				"east": {"uv": [0, 0, 0.125, 0.375], "texture": "#2"},
				"south": {"uv": [0, 0, 15.875, 9.375], "texture": "#5"},
				"west": {"uv": [0, 0, 0.125, 0.375], "texture": "#missing"},
				"up": {"uv": [0, 0, 0.875, 0.125], "texture": "#2"},
				"down": {"uv": [0, 0, 0.875, 0.125], "texture": "#2"}
			}
		},
		{
			"from": [2.75, 1, 15],
			"to": [3.75, 1.5, 16],
			"rotation": {"angle": 0, "axis": "y", "origin": [10.75, 9, 23]},
			"faces": {
				"north": {"uv": [0, 0, 0.5, 0.25], "texture": "#missing"},
				"east": {"uv": [0, 0, 0.5, 0.25], "texture": "#1"},
				"south": {"uv": [1, 0, 15.5, 6.25], "texture": "#6"},
				"west": {"uv": [0, 0, 0.5, 0.25], "texture": "#1"},
				"up": {"uv": [0, 0, 0.5, 0.5], "texture": "#1"},
				"down": {"uv": [0, 0, 0.5, 0.5], "texture": "#missing"}
			}
		},
		{
			"from": [3.75, 1.25, 15],
			"to": [4, 1.5, 16],
			"rotation": {"angle": 0, "axis": "y", "origin": [11.75, 9.25, 23]},
			"faces": {
				"north": {"uv": [0, 0, 0.125, 0.125], "texture": "#1"},
				"east": {"uv": [0, 0, 0.5, 0.125], "texture": "#1"},
				"south": {"uv": [0, 0, 0.125, 0.125], "texture": "#1"},
				"west": {"uv": [0, 0, 0.5, 0.125], "texture": "#1"},
				"up": {"uv": [0, 0, 0.125, 0.5], "texture": "#1"},
				"down": {"uv": [0, 0, 0.125, 0.5], "texture": "#1"}
			}
		},
		{
			"from": [2.5, 1.25, 15],
			"to": [2.75, 1.5, 16],
			"rotation": {"angle": 0, "axis": "y", "origin": [10.5, 9.25, 23]},
			"faces": {
				"north": {"uv": [0, 0, 0.125, 0.125], "texture": "#1"},
				"east": {"uv": [0, 0, 0.5, 0.125], "texture": "#1"},
				"south": {"uv": [0, 0, 0.125, 0.125], "texture": "#1"},
				"west": {"uv": [0, 0, 0.5, 0.125], "texture": "#1"},
				"up": {"uv": [0, 0, 0.125, 0.5], "texture": "#1"},
				"down": {"uv": [0, 0, 0.125, 0.5], "texture": "#1"}
			}
		},
		{
			"from": [4.5, 1, 15],
			"to": [5.5, 1.5, 16],
			"rotation": {"angle": 0, "axis": "y", "origin": [12.5, 9, 23]},
			"faces": {
				"north": {"uv": [0, 0, 0.5, 0.25], "texture": "#missing"},
				"east": {"uv": [0, 0, 0.5, 0.25], "texture": "#1"},
				"south": {"uv": [0, 0, 15.5, 8.25], "texture": "#7"},
				"west": {"uv": [0, 0, 0.5, 0.25], "texture": "#1"},
				"up": {"uv": [0, 0, 0.5, 0.5], "texture": "#1"},
				"down": {"uv": [0, 0, 0.5, 0.5], "texture": "#missing"}
			}
		},
		{
			"from": [4.75, 1.5, 15],
			"to": [5.25, 1.75, 16],
			"rotation": {"angle": 0, "axis": "y", "origin": [12.5, 9.5, 23]},
			"faces": {
				"north": {"uv": [0, 0, 0.25, 0.125], "texture": "#missing"},
				"east": {"uv": [0, 0, 0.5, 0.125], "texture": "#1"},
				"south": {"uv": [0, 0, 14.25, 5.125], "texture": "#8"},
				"west": {"uv": [0, 0, 0.5, 0.125], "texture": "#1"},
				"up": {"uv": [0, 0, 0.25, 0.5], "texture": "#1"},
				"down": {"uv": [0, 0, 0.25, 0.5], "texture": "#missing"}
			}
		},
		{
			"from": [6.25, 1, 15],
			"to": [7.25, 1.5, 16],
			"rotation": {"angle": 0, "axis": "y", "origin": [14.25, 9, 23]},
			"faces": {
				"north": {"uv": [0, 0, 0.5, 0.25], "texture": "#1"},
				"east": {"uv": [0, 0, 0.5, 0.25], "texture": "#1"},
				"south": {"uv": [0, 0, 15.5, 8.25], "texture": "#7"},
				"west": {"uv": [0, 0, 0.5, 0.25], "texture": "#1"},
				"up": {"uv": [0, 0, 0.5, 0.5], "texture": "#1"},
				"down": {"uv": [0, 0, 0.5, 0.5], "texture": "#1"}
			}
		},
		{
			"from": [6.5, 1.5, 15],
			"to": [7, 1.75, 16],
			"rotation": {"angle": 0, "axis": "y", "origin": [14.25, 9.5, 23]},
			"faces": {
				"north": {"uv": [0, 0, 0.25, 0.125], "texture": "#1"},
				"east": {"uv": [0, 0, 0.5, 0.125], "texture": "#1"},
				"south": {"uv": [0, 0, 14.25, 5.125], "texture": "#8"},
				"west": {"uv": [0, 0, 0.5, 0.125], "texture": "#1"},
				"up": {"uv": [0, 0, 0.25, 0.5], "texture": "#8"},
				"down": {"uv": [0, 0, 0.25, 0.5], "texture": "#1"}
			}
		},
		{
			"from": [8, 1, 15],
			"to": [9, 2.25, 16],
			"rotation": {"angle": 0, "axis": "y", "origin": [16, 9, 23]},
			"faces": {
				"north": {"uv": [0, 0, 0.5, 0.625], "texture": "#1"},
				"east": {"uv": [0, 0, 0.5, 0.625], "texture": "#1"},
				"south": {"uv": [0, 0, 12.5, 15.625], "texture": "#11"},
				"west": {"uv": [0, 0, 0.5, 0.625], "texture": "#1"},
				"up": {"uv": [0, 0, 0.5, 0.5], "texture": "#1"},
				"down": {"uv": [0, 0, 0.5, 0.5], "texture": "#1"}
			}
		},
		{
			"from": [9.75, 1, 15],
			"to": [10.75, 2.25, 16],
			"rotation": {"angle": 0, "axis": "y", "origin": [17.75, 9, 23]},
			"faces": {
				"north": {"uv": [0, 0, 0.5, 0.625], "texture": "#1"},
				"east": {"uv": [0, 0, 0.5, 0.625], "texture": "#1"},
				"south": {"uv": [0, 0, 12.5, 15.625], "texture": "#11"},
				"west": {"uv": [0, 0, 0.5, 0.625], "texture": "#1"},
				"up": {"uv": [0, 0, 0.5, 0.5], "texture": "#1"},
				"down": {"uv": [0, 0, 0.5, 0.5], "texture": "#1"}
			}
		},
		{
			"from": [11.5, 1, 15],
			"to": [12.5, 2.25, 16],
			"rotation": {"angle": 0, "axis": "y", "origin": [19.5, 9, 23]},
			"faces": {
				"north": {"uv": [0, 0, 0.5, 0.625], "texture": "#1"},
				"east": {"uv": [0, 0, 0.5, 0.625], "texture": "#1"},
				"south": {"uv": [0, 0, 12.5, 15.625], "texture": "#11"},
				"west": {"uv": [0, 0, 0.5, 0.625], "texture": "#1"},
				"up": {"uv": [0, 0, 0.5, 0.5], "texture": "#1"},
				"down": {"uv": [0, 0, 0.5, 0.5], "texture": "#1"}
			}
		},
		{
			"from": [4.5, 1.5, 15],
			"to": [4.75, 1.75, 16],
			"rotation": {"angle": 0, "axis": "y", "origin": [12.5, 8.75, 23]},
			"faces": {
				"north": {"uv": [0, 0, 0.125, 0.125], "texture": "#1"},
				"east": {"uv": [0, 0, 0.5, 0.125], "texture": "#1"},
				"south": {"uv": [0, 0, 15.125, 15.125], "texture": "#9"},
				"west": {"uv": [0, 0, 0.5, 0.125], "texture": "#1"},
				"up": {"uv": [0, 0, 0.125, 0.5], "texture": "#1"},
				"down": {"uv": [0, 0, 0.125, 0.5], "texture": "#1"}
			}
		},
		{
			"from": [6.25, 1.5, 15],
			"to": [6.5, 1.75, 16],
			"rotation": {"angle": 0, "axis": "y", "origin": [14.25, 8.75, 23]},
			"faces": {
				"north": {"uv": [0, 0, 0.125, 0.125], "texture": "#1"},
				"east": {"uv": [0, 0, 0.5, 0.125], "texture": "#1"},
				"south": {"uv": [0, 0, 15.125, 15.125], "texture": "#9"},
				"west": {"uv": [0, 0, 0.5, 0.125], "texture": "#1"},
				"up": {"uv": [0, 0, 0.125, 0.5], "texture": "#1"},
				"down": {"uv": [0, 0, 0.125, 0.5], "texture": "#1"}
			}
		},
		{
			"from": [5.25, 1.5, 15],
			"to": [5.5, 1.75, 16],
			"rotation": {"angle": 0, "axis": "y", "origin": [13.25, 8.75, 23]},
			"faces": {
				"north": {"uv": [0, 0, 0.125, 0.125], "texture": "#1"},
				"east": {"uv": [0, 0, 0.5, 0.125], "texture": "#1"},
				"south": {"uv": [0, 0, 15.125, 15.125], "texture": "#10"},
				"west": {"uv": [0, 0, 0.5, 0.125], "texture": "#1"},
				"up": {"uv": [0, 0, 0.125, 0.5], "texture": "#1"},
				"down": {"uv": [0, 0, 0.125, 0.5], "texture": "#1"}
			}
		},
		{
			"from": [7, 1.5, 15],
			"to": [7.25, 1.75, 16],
			"rotation": {"angle": 0, "axis": "y", "origin": [15, 8.75, 23]},
			"faces": {
				"north": {"uv": [0, 0, 0.125, 0.125], "texture": "#1"},
				"east": {"uv": [0, 0, 0.5, 0.125], "texture": "#1"},
				"south": {"uv": [0, 0, 15.125, 15.125], "texture": "#10"},
				"west": {"uv": [0, 0, 0.5, 0.125], "texture": "#1"},
				"up": {"uv": [0, 0, 0.125, 0.5], "texture": "#1"},
				"down": {"uv": [0, 0, 0.125, 0.5], "texture": "#1"}
			}
		}
	],
	"display": {
		"thirdperson_righthand": {
			"scale": [0.31, 0.31, 0.31]
		},
		"gui": {
			"rotation": [23, 45, 0],
			"scale": [0.56, 0.56, 0.56]
		}
	}
}