{
	"credit": "Made with Blockbench",
	"textures": {
		"0": "block/texture_trdc",
		"particle": "block/texture_trdc"
	},
	"elements": [
		{
			"from": [-1, -1, -1],
			"to": [17, 17, 17],
			"rotation": {"angle": 0, "axis": "y", "origin": [7, 7, 7]},
			"faces": {
				"north": {"uv": [0, 0, 16, 16], "texture": "#0"},
				"east": {"uv": [0, 0, 16, 16], "texture": "#0"},
				"south": {"uv": [0, 0, 16, 16], "texture": "#0"},
				"west": {"uv": [0, 0, 16, 16], "texture": "#0"},
				"up": {"uv": [0, 0, 16, 16], "texture": "#0"},
				"down": {"uv": [0, 0, 16, 16], "texture": "#0"}
			}
		}
	],
	"display": {
		"thirdperson_righthand": {
			"scale": [0.31, 0.31, 0.31]
		},
		"gui": {
			"rotation": [23, 45, 0],
			"scale": [0.56, 0.56, 0.56]
		}
	}
}