{
	"credit": "Made with Blockbench",
	"textures": {
		"0": "block/quartz_block_side",
		"1": "block/gray_concrete",
		"2": "block/gold_block",
		"particle": "block/quartz_block_side"
	},
	"elements": [
		{
			"from": [-1, -1, -1],
			"to": [17, 17, 17],
			"rotation": {"angle": 0, "axis": "y", "origin": [7, 7, 7]},
			"faces": {
				"north": {"uv": [0, 0, 16, 16], "texture": "#0"},
				"east": {"uv": [0, 0, 16, 16], "texture": "#0"},
				"south": {"uv": [0, 0, 16, 16], "texture": "#0"},
				"west": {"uv": [0, 0, 16, 16], "texture": "#0"},
				"up": {"uv": [0, 0, 16, 16], "texture": "#0"},
				"down": {"uv": [0, 0, 16, 16], "texture": "#0"}
			}
		},
		{
			"from": [12, 6, -2],
			"to": [13, 10, -1],
			"rotation": {"angle": 0, "axis": "y", "origin": [19, 15, 6]},
			"faces": {
				"north": {"uv": [0, 0, 1, 4], "texture": "#1"},
				"east": {"uv": [0, 0, 1, 4], "texture": "#1"},
				"south": {"uv": [0, 0, 1, 4], "texture": "#1"},
				"west": {"uv": [0, 0, 1, 4], "texture": "#1"},
				"up": {"uv": [0, 0, 1, 1], "texture": "#1"},
				"down": {"uv": [0, 0, 1, 1], "texture": "#1"}
			}
		},
		{
			"from": [17, 6, 12],
			"to": [18, 10, 13],
			"rotation": {"angle": 0, "axis": "y", "origin": [10, 15, 20]},
			"faces": {
				"north": {"uv": [0, 0, 1, 4], "texture": "#1"},
				"east": {"uv": [0, 0, 1, 4], "texture": "#1"},
				"south": {"uv": [0, 0, 1, 4], "texture": "#1"},
				"west": {"uv": [0, 0, 1, 4], "texture": "#1"},
				"up": {"uv": [0, 0, 1, 1], "rotation": 90, "texture": "#1"},
				"down": {"uv": [0, 0, 1, 1], "rotation": 270, "texture": "#1"}
			}
		},
		{
			"from": [3, 6, 17],
			"to": [4, 10, 18],
			"rotation": {"angle": 0, "axis": "y", "origin": [-4, 15, 10]},
			"faces": {
				"north": {"uv": [0, 0, 1, 4], "texture": "#1"},
				"east": {"uv": [0, 0, 1, 4], "texture": "#1"},
				"south": {"uv": [0, 0, 1, 4], "texture": "#1"},
				"west": {"uv": [0, 0, 1, 4], "texture": "#1"},
				"up": {"uv": [0, 0, 1, 1], "rotation": 180, "texture": "#1"},
				"down": {"uv": [0, 0, 1, 1], "rotation": 180, "texture": "#1"}
			}
		},
		{
			"from": [-2, 6, 3],
			"to": [-1, 10, 4],
			"rotation": {"angle": 0, "axis": "y", "origin": [6, 15, -4]},
			"faces": {
				"north": {"uv": [0, 0, 1, 4], "texture": "#1"},
				"east": {"uv": [0, 0, 1, 4], "texture": "#1"},
				"south": {"uv": [0, 0, 1, 4], "texture": "#1"},
				"west": {"uv": [0, 0, 1, 4], "texture": "#1"},
				"up": {"uv": [0, 0, 1, 1], "rotation": 270, "texture": "#1"},
				"down": {"uv": [0, 0, 1, 1], "rotation": 90, "texture": "#1"}
			}
		},
		{
			"from": [6, 17, 3],
			"to": [10, 18, 4],
			"rotation": {"angle": 0, "axis": "z", "origin": [15, 10, -4]},
			"faces": {
				"north": {"uv": [0, 0, 1, 4], "rotation": 270, "texture": "#1"},
				"east": {"uv": [0, 0, 1, 1], "texture": "#1"},
				"south": {"uv": [0, 0, 1, 4], "rotation": 90, "texture": "#1"},
				"west": {"uv": [0, 0, 1, 1], "rotation": 180, "texture": "#1"},
				"up": {"uv": [0, 0, 1, 4], "rotation": 90, "texture": "#1"},
				"down": {"uv": [0, 0, 1, 4], "rotation": 90, "texture": "#1"}
			}
		},
		{
			"from": [6, -2, 3],
			"to": [10, -1, 4],
			"rotation": {"angle": 0, "axis": "z", "origin": [1, 6, -4]},
			"faces": {
				"north": {"uv": [0, 0, 1, 4], "rotation": 90, "texture": "#1"},
				"east": {"uv": [0, 0, 1, 1], "texture": "#1"},
				"south": {"uv": [0, 0, 1, 4], "rotation": 270, "texture": "#1"},
				"west": {"uv": [0, 0, 1, 1], "rotation": 180, "texture": "#1"},
				"up": {"uv": [0, 0, 1, 4], "rotation": 270, "texture": "#1"},
				"down": {"uv": [0, 0, 1, 4], "rotation": 270, "texture": "#1"}
			}
		},
		{
			"from": [3, 6, -2],
			"to": [4, 10, -1],
			"rotation": {"angle": 0, "axis": "y", "origin": [10, 15, 6]},
			"faces": {
				"north": {"uv": [0, 0, 1, 4], "texture": "#1"},
				"east": {"uv": [0, 0, 1, 4], "texture": "#1"},
				"south": {"uv": [0, 0, 1, 4], "texture": "#1"},
				"west": {"uv": [0, 0, 1, 4], "texture": "#1"},
				"up": {"uv": [0, 0, 1, 1], "texture": "#1"},
				"down": {"uv": [0, 0, 1, 1], "texture": "#1"}
			}
		},
		{
			"from": [17, 6, 3],
			"to": [18, 10, 4],
			"rotation": {"angle": 0, "axis": "y", "origin": [10, 15, 20]},
			"faces": {
				"north": {"uv": [0, 0, 1, 4], "texture": "#1"},
				"east": {"uv": [0, 0, 1, 4], "texture": "#1"},
				"south": {"uv": [0, 0, 1, 4], "texture": "#1"},
				"west": {"uv": [0, 0, 1, 4], "texture": "#1"},
				"up": {"uv": [0, 0, 1, 1], "rotation": 90, "texture": "#1"},
				"down": {"uv": [0, 0, 1, 1], "rotation": 270, "texture": "#1"}
			}
		},
		{
			"from": [12, 6, 17],
			"to": [13, 10, 18],
			"rotation": {"angle": 0, "axis": "y", "origin": [-4, 15, 10]},
			"faces": {
				"north": {"uv": [0, 0, 1, 4], "texture": "#1"},
				"east": {"uv": [0, 0, 1, 4], "texture": "#1"},
				"south": {"uv": [0, 0, 1, 4], "texture": "#1"},
				"west": {"uv": [0, 0, 1, 4], "texture": "#1"},
				"up": {"uv": [0, 0, 1, 1], "rotation": 180, "texture": "#1"},
				"down": {"uv": [0, 0, 1, 1], "rotation": 180, "texture": "#1"}
			}
		},
		{
			"from": [-2, 6, 12],
			"to": [-1, 10, 13],
			"rotation": {"angle": 0, "axis": "y", "origin": [6, 15, -4]},
			"faces": {
				"north": {"uv": [0, 0, 1, 4], "texture": "#1"},
				"east": {"uv": [0, 0, 1, 4], "texture": "#1"},
				"south": {"uv": [0, 0, 1, 4], "texture": "#1"},
				"west": {"uv": [0, 0, 1, 4], "texture": "#1"},
				"up": {"uv": [0, 0, 1, 1], "rotation": 270, "texture": "#1"},
				"down": {"uv": [0, 0, 1, 1], "rotation": 90, "texture": "#1"}
			}
		},
		{
			"from": [6, 17, 12],
			"to": [10, 18, 13],
			"rotation": {"angle": 0, "axis": "z", "origin": [15, 10, -4]},
			"faces": {
				"north": {"uv": [0, 0, 1, 4], "rotation": 270, "texture": "#1"},
				"east": {"uv": [0, 0, 1, 1], "texture": "#1"},
				"south": {"uv": [0, 0, 1, 4], "rotation": 90, "texture": "#1"},
				"west": {"uv": [0, 0, 1, 1], "rotation": 180, "texture": "#1"},
				"up": {"uv": [0, 0, 1, 4], "rotation": 90, "texture": "#1"},
				"down": {"uv": [0, 0, 1, 4], "rotation": 90, "texture": "#1"}
			}
		},
		{
			"from": [6, -2, 12],
			"to": [10, -1, 13],
			"rotation": {"angle": 0, "axis": "z", "origin": [1, 6, -4]},
			"faces": {
				"north": {"uv": [0, 0, 1, 4], "rotation": 90, "texture": "#1"},
				"east": {"uv": [0, 0, 1, 1], "texture": "#1"},
				"south": {"uv": [0, 0, 1, 4], "rotation": 270, "texture": "#1"},
				"west": {"uv": [0, 0, 1, 1], "rotation": 180, "texture": "#1"},
				"up": {"uv": [0, 0, 1, 4], "rotation": 270, "texture": "#1"},
				"down": {"uv": [0, 0, 1, 4], "rotation": 270, "texture": "#1"}
			}
		},
		{
			"from": [2, 5, -2],
			"to": [3, 11, -1],
			"rotation": {"angle": 0, "axis": "y", "origin": [9, 15, 6]},
			"faces": {
				"north": {"uv": [0, 0, 1, 6], "texture": "#1"},
				"east": {"uv": [0, 0, 1, 6], "texture": "#1"},
				"south": {"uv": [0, 0, 1, 6], "texture": "#1"},
				"west": {"uv": [0, 0, 1, 6], "texture": "#1"},
				"up": {"uv": [0, 0, 1, 1], "texture": "#1"},
				"down": {"uv": [0, 0, 1, 1], "texture": "#1"}
			}
		},
		{
			"from": [17, 5, 2],
			"to": [18, 11, 3],
			"rotation": {"angle": 0, "axis": "y", "origin": [10, 15, 20]},
			"faces": {
				"north": {"uv": [0, 0, 1, 6], "texture": "#1"},
				"east": {"uv": [0, 0, 1, 6], "texture": "#1"},
				"south": {"uv": [0, 0, 1, 6], "texture": "#1"},
				"west": {"uv": [0, 0, 1, 6], "texture": "#1"},
				"up": {"uv": [0, 0, 1, 1], "rotation": 90, "texture": "#1"},
				"down": {"uv": [0, 0, 1, 1], "rotation": 270, "texture": "#1"}
			}
		},
		{
			"from": [13, 5, 17],
			"to": [14, 11, 18],
			"rotation": {"angle": 0, "axis": "y", "origin": [-4, 15, 10]},
			"faces": {
				"north": {"uv": [0, 0, 1, 6], "texture": "#1"},
				"east": {"uv": [0, 0, 1, 6], "texture": "#1"},
				"south": {"uv": [0, 0, 1, 6], "texture": "#1"},
				"west": {"uv": [0, 0, 1, 6], "texture": "#1"},
				"up": {"uv": [0, 0, 1, 1], "rotation": 180, "texture": "#1"},
				"down": {"uv": [0, 0, 1, 1], "rotation": 180, "texture": "#1"}
			}
		},
		{
			"from": [-2, 5, 13],
			"to": [-1, 11, 14],
			"rotation": {"angle": 0, "axis": "y", "origin": [6, 15, -4]},
			"faces": {
				"north": {"uv": [0, 0, 1, 6], "texture": "#1"},
				"east": {"uv": [0, 0, 1, 6], "texture": "#1"},
				"south": {"uv": [0, 0, 1, 6], "texture": "#1"},
				"west": {"uv": [0, 0, 1, 6], "texture": "#1"},
				"up": {"uv": [0, 0, 1, 1], "rotation": 270, "texture": "#1"},
				"down": {"uv": [0, 0, 1, 1], "rotation": 90, "texture": "#1"}
			}
		},
		{
			"from": [5, 17, 13],
			"to": [11, 18, 14],
			"rotation": {"angle": 0, "axis": "z", "origin": [15, 10, -4]},
			"faces": {
				"north": {"uv": [0, 0, 1, 6], "rotation": 270, "texture": "#1"},
				"east": {"uv": [0, 0, 1, 1], "texture": "#1"},
				"south": {"uv": [0, 0, 1, 6], "rotation": 90, "texture": "#1"},
				"west": {"uv": [0, 0, 1, 1], "rotation": 180, "texture": "#1"},
				"up": {"uv": [0, 0, 1, 6], "rotation": 90, "texture": "#1"},
				"down": {"uv": [0, 0, 1, 6], "rotation": 90, "texture": "#1"}
			}
		},
		{
			"from": [5, -2, 13],
			"to": [11, -1, 14],
			"rotation": {"angle": 0, "axis": "z", "origin": [1, 6, -4]},
			"faces": {
				"north": {"uv": [0, 0, 1, 6], "rotation": 90, "texture": "#1"},
				"east": {"uv": [0, 0, 1, 1], "texture": "#1"},
				"south": {"uv": [0, 0, 1, 6], "rotation": 270, "texture": "#1"},
				"west": {"uv": [0, 0, 1, 1], "rotation": 180, "texture": "#1"},
				"up": {"uv": [0, 0, 1, 6], "rotation": 270, "texture": "#1"},
				"down": {"uv": [0, 0, 1, 6], "rotation": 270, "texture": "#1"}
			}
		},
		{
			"from": [-1, -1, -1.25],
			"to": [0, 17, -1],
			"rotation": {"angle": 0, "axis": "y", "origin": [6, 15, 6]},
			"faces": {
				"north": {"uv": [0, 0, 1, 16], "texture": "#1"},
				"east": {"uv": [0, 0, 0.25, 16], "texture": "#1"},
				"south": {"uv": [0, 0, 1, 16], "texture": "#1"},
				"west": {"uv": [0, 0, 0.25, 16], "texture": "#1"},
				"up": {"uv": [0, 0, 1, 0.25], "texture": "#1"},
				"down": {"uv": [0, 0, 1, 0.25], "texture": "#1"}
			}
		},
		{
			"from": [-1, -1, 17],
			"to": [0, 17, 17.25],
			"rotation": {"angle": 0, "axis": "y", "origin": [6, 15, 24.25]},
			"faces": {
				"north": {"uv": [0, 0, 1, 16], "texture": "#1"},
				"east": {"uv": [0, 0, 0.25, 16], "texture": "#1"},
				"south": {"uv": [0, 0, 1, 16], "texture": "#1"},
				"west": {"uv": [0, 0, 0.25, 16], "texture": "#1"},
				"up": {"uv": [0, 0, 1, 0.25], "texture": "#1"},
				"down": {"uv": [0, 0, 1, 0.25], "texture": "#1"}
			}
		},
		{
			"from": [-1.25, -1, 16],
			"to": [-1, 17, 17],
			"rotation": {"angle": 0, "axis": "y", "origin": [6, 6, 15]},
			"faces": {
				"north": {"uv": [0, 0, 0.25, 16], "texture": "#1"},
				"east": {"uv": [0, 0, 1, 16], "texture": "#1"},
				"south": {"uv": [0, 0, 0.25, 16], "texture": "#1"},
				"west": {"uv": [0, 0, 1, 16], "texture": "#1"},
				"up": {"uv": [0, 0, 1, 0.25], "rotation": 270, "texture": "#1"},
				"down": {"uv": [0, 0, 1, 0.25], "rotation": 90, "texture": "#1"}
			}
		},
		{
			"from": [-1, 17, 16],
			"to": [17, 17.25, 17],
			"rotation": {"angle": 0, "axis": "z", "origin": [6, 10, 15]},
			"faces": {
				"north": {"uv": [0, 0, 0.25, 16], "rotation": 270, "texture": "#1"},
				"east": {"uv": [0, 0, 1, 0.25], "texture": "#1"},
				"south": {"uv": [0, 0, 0.25, 16], "rotation": 90, "texture": "#1"},
				"west": {"uv": [0, 0, 1, 0.25], "rotation": 180, "texture": "#1"},
				"up": {"uv": [0, 0, 1, 16], "rotation": 90, "texture": "#1"},
				"down": {"uv": [0, 0, 1, 16], "rotation": 90, "texture": "#1"}
			}
		},
		{
			"from": [-1, -1.25, 16],
			"to": [17, -1, 17],
			"rotation": {"angle": 0, "axis": "z", "origin": [6, -8.25, 15]},
			"faces": {
				"north": {"uv": [0, 0, 0.25, 16], "rotation": 270, "texture": "#1"},
				"east": {"uv": [0, 0, 1, 0.25], "texture": "#1"},
				"south": {"uv": [0, 0, 0.25, 16], "rotation": 90, "texture": "#1"},
				"west": {"uv": [0, 0, 1, 0.25], "rotation": 180, "texture": "#1"},
				"up": {"uv": [0, 0, 1, 16], "rotation": 90, "texture": "#1"},
				"down": {"uv": [0, 0, 1, 16], "rotation": 90, "texture": "#1"}
			}
		},
		{
			"from": [17, -1, 16],
			"to": [17.25, 17, 17],
			"rotation": {"angle": 0, "axis": "y", "origin": [24.25, 6, 15]},
			"faces": {
				"north": {"uv": [0, 0, 0.25, 16], "texture": "#1"},
				"east": {"uv": [0, 0, 1, 16], "texture": "#1"},
				"south": {"uv": [0, 0, 0.25, 16], "texture": "#1"},
				"west": {"uv": [0, 0, 1, 16], "texture": "#1"},
				"up": {"uv": [0, 0, 1, 0.25], "rotation": 270, "texture": "#1"},
				"down": {"uv": [0, 0, 1, 0.25], "rotation": 90, "texture": "#1"}
			}
		},
		{
			"from": [0, 16, -1.25],
			"to": [16, 17, -1],
			"rotation": {"angle": 0, "axis": "z", "origin": [1, 23, 6]},
			"faces": {
				"north": {"uv": [0, 0, 1, 16], "rotation": 90, "texture": "#1"},
				"east": {"uv": [0, 0, 1, 0.25], "rotation": 270, "texture": "#1"},
				"south": {"uv": [0, 0, 1, 16], "rotation": 270, "texture": "#1"},
				"west": {"uv": [0, 0, 1, 0.25], "rotation": 270, "texture": "#1"},
				"up": {"uv": [0, 0, 0.25, 16], "rotation": 270, "texture": "#1"},
				"down": {"uv": [0, 0, 0.25, 16], "rotation": 270, "texture": "#1"}
			}
		},
		{
			"from": [0, 16, 17],
			"to": [16, 17, 17.25],
			"rotation": {"angle": 0, "axis": "z", "origin": [1, 23, 24.25]},
			"faces": {
				"north": {"uv": [0, 0, 1, 16], "rotation": 90, "texture": "#1"},
				"east": {"uv": [0, 0, 1, 0.25], "rotation": 270, "texture": "#1"},
				"south": {"uv": [0, 0, 1, 16], "rotation": 270, "texture": "#1"},
				"west": {"uv": [0, 0, 1, 0.25], "rotation": 270, "texture": "#1"},
				"up": {"uv": [0, 0, 0.25, 16], "rotation": 270, "texture": "#1"},
				"down": {"uv": [0, 0, 0.25, 16], "rotation": 270, "texture": "#1"}
			}
		},
		{
			"from": [-1.25, 16, 0],
			"to": [-1, 17, 16],
			"rotation": {"angle": 0, "axis": "y", "origin": [6, 6, 15]},
			"faces": {
				"north": {"uv": [0, 0, 1, 0.25], "rotation": 270, "texture": "#1"},
				"east": {"uv": [0, 0, 1, 16], "rotation": 270, "texture": "#1"},
				"south": {"uv": [0, 0, 1, 0.25], "rotation": 270, "texture": "#1"},
				"west": {"uv": [0, 0, 1, 16], "rotation": 90, "texture": "#1"},
				"up": {"uv": [0, 0, 0.25, 16], "rotation": 180, "texture": "#1"},
				"down": {"uv": [0, 0, 0.25, 16], "texture": "#1"}
			}
		},
		{
			"from": [16, 17, 0],
			"to": [17, 17.25, 16],
			"rotation": {"angle": 0, "axis": "z", "origin": [6, 10, 15]},
			"faces": {
				"north": {"uv": [0, 0, 1, 0.25], "rotation": 180, "texture": "#1"},
				"east": {"uv": [0, 0, 0.25, 16], "rotation": 270, "texture": "#1"},
				"south": {"uv": [0, 0, 1, 0.25], "texture": "#1"},
				"west": {"uv": [0, 0, 0.25, 16], "rotation": 90, "texture": "#1"},
				"up": {"uv": [0, 0, 1, 16], "rotation": 180, "texture": "#1"},
				"down": {"uv": [0, 0, 1, 16], "texture": "#1"}
			}
		},
		{
			"from": [16, -1.25, 0],
			"to": [17, -1, 16],
			"rotation": {"angle": 0, "axis": "z", "origin": [6, -8.25, 15]},
			"faces": {
				"north": {"uv": [0, 0, 1, 0.25], "rotation": 180, "texture": "#1"},
				"east": {"uv": [0, 0, 0.25, 16], "rotation": 270, "texture": "#1"},
				"south": {"uv": [0, 0, 1, 0.25], "texture": "#1"},
				"west": {"uv": [0, 0, 0.25, 16], "rotation": 90, "texture": "#1"},
				"up": {"uv": [0, 0, 1, 16], "rotation": 180, "texture": "#1"},
				"down": {"uv": [0, 0, 1, 16], "texture": "#1"}
			}
		},
		{
			"from": [17, 16, 0],
			"to": [17.25, 17, 16],
			"rotation": {"angle": 0, "axis": "y", "origin": [24.25, 6, 15]},
			"faces": {
				"north": {"uv": [0, 0, 1, 0.25], "rotation": 270, "texture": "#1"},
				"east": {"uv": [0, 0, 1, 16], "rotation": 270, "texture": "#1"},
				"south": {"uv": [0, 0, 1, 0.25], "rotation": 270, "texture": "#1"},
				"west": {"uv": [0, 0, 1, 16], "rotation": 90, "texture": "#1"},
				"up": {"uv": [0, 0, 0.25, 16], "rotation": 180, "texture": "#1"},
				"down": {"uv": [0, 0, 0.25, 16], "texture": "#1"}
			}
		},
		{
			"from": [0, -1, -1.25],
			"to": [16, 0, -1],
			"rotation": {"angle": 0, "axis": "z", "origin": [1, 6, 6]},
			"faces": {
				"north": {"uv": [0, 0, 1, 16], "rotation": 90, "texture": "#1"},
				"east": {"uv": [0, 0, 1, 0.25], "rotation": 270, "texture": "#1"},
				"south": {"uv": [0, 0, 1, 16], "rotation": 270, "texture": "#1"},
				"west": {"uv": [0, 0, 1, 0.25], "rotation": 270, "texture": "#1"},
				"up": {"uv": [0, 0, 0.25, 16], "rotation": 270, "texture": "#1"},
				"down": {"uv": [0, 0, 0.25, 16], "rotation": 270, "texture": "#1"}
			}
		},
		{
			"from": [0, -1, 17],
			"to": [16, 0, 17.25],
			"rotation": {"angle": 0, "axis": "z", "origin": [1, 6, 24.25]},
			"faces": {
				"north": {"uv": [0, 0, 1, 16], "rotation": 90, "texture": "#1"},
				"east": {"uv": [0, 0, 1, 0.25], "rotation": 270, "texture": "#1"},
				"south": {"uv": [0, 0, 1, 16], "rotation": 270, "texture": "#1"},
				"west": {"uv": [0, 0, 1, 0.25], "rotation": 270, "texture": "#1"},
				"up": {"uv": [0, 0, 0.25, 16], "rotation": 270, "texture": "#1"},
				"down": {"uv": [0, 0, 0.25, 16], "rotation": 270, "texture": "#1"}
			}
		},
		{
			"from": [-1.25, -1, 0],
			"to": [-1, 0, 16],
			"rotation": {"angle": 0, "axis": "y", "origin": [6, 6, 15]},
			"faces": {
				"north": {"uv": [0, 0, 1, 0.25], "rotation": 270, "texture": "#1"},
				"east": {"uv": [0, 0, 1, 16], "rotation": 270, "texture": "#1"},
				"south": {"uv": [0, 0, 1, 0.25], "rotation": 270, "texture": "#1"},
				"west": {"uv": [0, 0, 1, 16], "rotation": 90, "texture": "#1"},
				"up": {"uv": [0, 0, 0.25, 16], "rotation": 180, "texture": "#1"},
				"down": {"uv": [0, 0, 0.25, 16], "texture": "#1"}
			}
		},
		{
			"from": [-1, 17, 0],
			"to": [0, 17.25, 16],
			"rotation": {"angle": 0, "axis": "z", "origin": [6, 10, 15]},
			"faces": {
				"north": {"uv": [0, 0, 1, 0.25], "rotation": 180, "texture": "#1"},
				"east": {"uv": [0, 0, 0.25, 16], "rotation": 270, "texture": "#1"},
				"south": {"uv": [0, 0, 1, 0.25], "texture": "#1"},
				"west": {"uv": [0, 0, 0.25, 16], "rotation": 90, "texture": "#1"},
				"up": {"uv": [0, 0, 1, 16], "rotation": 180, "texture": "#1"},
				"down": {"uv": [0, 0, 1, 16], "texture": "#1"}
			}
		},
		{
			"from": [-1, -1.25, 0],
			"to": [0, -1, 16],
			"rotation": {"angle": 0, "axis": "z", "origin": [6, -8.25, 15]},
			"faces": {
				"north": {"uv": [0, 0, 1, 0.25], "rotation": 180, "texture": "#1"},
				"east": {"uv": [0, 0, 0.25, 16], "rotation": 270, "texture": "#1"},
				"south": {"uv": [0, 0, 1, 0.25], "texture": "#1"},
				"west": {"uv": [0, 0, 0.25, 16], "rotation": 90, "texture": "#1"},
				"up": {"uv": [0, 0, 1, 16], "rotation": 180, "texture": "#1"},
				"down": {"uv": [0, 0, 1, 16], "texture": "#1"}
			}
		},
		{
			"from": [17, -1, 0],
			"to": [17.25, 0, 16],
			"rotation": {"angle": 0, "axis": "y", "origin": [24.25, 6, 15]},
			"faces": {
				"north": {"uv": [0, 0, 1, 0.25], "rotation": 270, "texture": "#1"},
				"east": {"uv": [0, 0, 1, 16], "rotation": 270, "texture": "#1"},
				"south": {"uv": [0, 0, 1, 0.25], "rotation": 270, "texture": "#1"},
				"west": {"uv": [0, 0, 1, 16], "rotation": 90, "texture": "#1"},
				"up": {"uv": [0, 0, 0.25, 16], "rotation": 180, "texture": "#1"},
				"down": {"uv": [0, 0, 0.25, 16], "texture": "#1"}
			}
		},
		{
			"from": [16, -1, -1.25],
			"to": [17, 17, -1],
			"rotation": {"angle": 0, "axis": "y", "origin": [23, 15, 6]},
			"faces": {
				"north": {"uv": [0, 0, 1, 16], "texture": "#1"},
				"east": {"uv": [0, 0, 0.25, 16], "texture": "#1"},
				"south": {"uv": [0, 0, 1, 16], "texture": "#1"},
				"west": {"uv": [0, 0, 0.25, 16], "texture": "#1"},
				"up": {"uv": [0, 0, 1, 0.25], "texture": "#1"},
				"down": {"uv": [0, 0, 1, 0.25], "texture": "#1"}
			}
		},
		{
			"from": [16, -1, 17],
			"to": [17, 17, 17.25],
			"rotation": {"angle": 0, "axis": "y", "origin": [23, 15, 24.25]},
			"faces": {
				"north": {"uv": [0, 0, 1, 16], "texture": "#1"},
				"east": {"uv": [0, 0, 0.25, 16], "texture": "#1"},
				"south": {"uv": [0, 0, 1, 16], "texture": "#1"},
				"west": {"uv": [0, 0, 0.25, 16], "texture": "#1"},
				"up": {"uv": [0, 0, 1, 0.25], "texture": "#1"},
				"down": {"uv": [0, 0, 1, 0.25], "texture": "#1"}
			}
		},
		{
			"from": [-1.25, -1, -1],
			"to": [-1, 17, 0],
			"rotation": {"angle": 0, "axis": "y", "origin": [6, 6, 15]},
			"faces": {
				"north": {"uv": [0, 0, 0.25, 16], "texture": "#1"},
				"east": {"uv": [0, 0, 1, 16], "texture": "#1"},
				"south": {"uv": [0, 0, 0.25, 16], "texture": "#1"},
				"west": {"uv": [0, 0, 1, 16], "texture": "#1"},
				"up": {"uv": [0, 0, 1, 0.25], "rotation": 270, "texture": "#1"},
				"down": {"uv": [0, 0, 1, 0.25], "rotation": 90, "texture": "#1"}
			}
		},
		{
			"from": [-1, 17, -1],
			"to": [17, 17.25, 0],
			"rotation": {"angle": 0, "axis": "z", "origin": [6, 10, 15]},
			"faces": {
				"north": {"uv": [0, 0, 0.25, 16], "rotation": 270, "texture": "#1"},
				"east": {"uv": [0, 0, 1, 0.25], "texture": "#1"},
				"south": {"uv": [0, 0, 0.25, 16], "rotation": 90, "texture": "#1"},
				"west": {"uv": [0, 0, 1, 0.25], "rotation": 180, "texture": "#1"},
				"up": {"uv": [0, 0, 1, 16], "rotation": 90, "texture": "#1"},
				"down": {"uv": [0, 0, 1, 16], "rotation": 90, "texture": "#1"}
			}
		},
		{
			"from": [-1, -1.25, -1],
			"to": [17, -1, 0],
			"rotation": {"angle": 0, "axis": "z", "origin": [6, -8.25, 15]},
			"faces": {
				"north": {"uv": [0, 0, 0.25, 16], "rotation": 270, "texture": "#1"},
				"east": {"uv": [0, 0, 1, 0.25], "texture": "#1"},
				"south": {"uv": [0, 0, 0.25, 16], "rotation": 90, "texture": "#1"},
				"west": {"uv": [0, 0, 1, 0.25], "rotation": 180, "texture": "#1"},
				"up": {"uv": [0, 0, 1, 16], "rotation": 90, "texture": "#1"},
				"down": {"uv": [0, 0, 1, 16], "rotation": 90, "texture": "#1"}
			}
		},
		{
			"from": [17, -1, -1],
			"to": [17.25, 17, 0],
			"rotation": {"angle": 0, "axis": "y", "origin": [24.25, 6, 15]},
			"faces": {
				"north": {"uv": [0, 0, 0.25, 16], "texture": "#1"},
				"east": {"uv": [0, 0, 1, 16], "texture": "#1"},
				"south": {"uv": [0, 0, 0.25, 16], "texture": "#1"},
				"west": {"uv": [0, 0, 1, 16], "texture": "#1"},
				"up": {"uv": [0, 0, 1, 0.25], "rotation": 270, "texture": "#1"},
				"down": {"uv": [0, 0, 1, 0.25], "rotation": 90, "texture": "#1"}
			}
		},
		{
			"from": [13, 5, -2],
			"to": [14, 11, -1],
			"rotation": {"angle": 0, "axis": "y", "origin": [20, 15, 6]},
			"faces": {
				"north": {"uv": [0, 0, 1, 6], "texture": "#1"},
				"east": {"uv": [0, 0, 1, 6], "texture": "#1"},
				"south": {"uv": [0, 0, 1, 6], "texture": "#1"},
				"west": {"uv": [0, 0, 1, 6], "texture": "#1"},
				"up": {"uv": [0, 0, 1, 1], "texture": "#1"},
				"down": {"uv": [0, 0, 1, 1], "texture": "#1"}
			}
		},
		{
			"from": [17, 5, 13],
			"to": [18, 11, 14],
			"rotation": {"angle": 0, "axis": "y", "origin": [10, 15, 20]},
			"faces": {
				"north": {"uv": [0, 0, 1, 6], "texture": "#1"},
				"east": {"uv": [0, 0, 1, 6], "texture": "#1"},
				"south": {"uv": [0, 0, 1, 6], "texture": "#1"},
				"west": {"uv": [0, 0, 1, 6], "texture": "#1"},
				"up": {"uv": [0, 0, 1, 1], "rotation": 90, "texture": "#1"},
				"down": {"uv": [0, 0, 1, 1], "rotation": 270, "texture": "#1"}
			}
		},
		{
			"from": [2, 5, 17],
			"to": [3, 11, 18],
			"rotation": {"angle": 0, "axis": "y", "origin": [-4, 15, 10]},
			"faces": {
				"north": {"uv": [0, 0, 1, 6], "texture": "#1"},
				"east": {"uv": [0, 0, 1, 6], "texture": "#1"},
				"south": {"uv": [0, 0, 1, 6], "texture": "#1"},
				"west": {"uv": [0, 0, 1, 6], "texture": "#1"},
				"up": {"uv": [0, 0, 1, 1], "rotation": 180, "texture": "#1"},
				"down": {"uv": [0, 0, 1, 1], "rotation": 180, "texture": "#1"}
			}
		},
		{
			"from": [-2, 5, 2],
			"to": [-1, 11, 3],
			"rotation": {"angle": 0, "axis": "y", "origin": [6, 15, -4]},
			"faces": {
				"north": {"uv": [0, 0, 1, 6], "texture": "#1"},
				"east": {"uv": [0, 0, 1, 6], "texture": "#1"},
				"south": {"uv": [0, 0, 1, 6], "texture": "#1"},
				"west": {"uv": [0, 0, 1, 6], "texture": "#1"},
				"up": {"uv": [0, 0, 1, 1], "rotation": 270, "texture": "#1"},
				"down": {"uv": [0, 0, 1, 1], "rotation": 90, "texture": "#1"}
			}
		},
		{
			"from": [5, 17, 2],
			"to": [11, 18, 3],
			"rotation": {"angle": 0, "axis": "z", "origin": [15, 10, -4]},
			"faces": {
				"north": {"uv": [0, 0, 1, 6], "rotation": 270, "texture": "#1"},
				"east": {"uv": [0, 0, 1, 1], "texture": "#1"},
				"south": {"uv": [0, 0, 1, 6], "rotation": 90, "texture": "#1"},
				"west": {"uv": [0, 0, 1, 1], "rotation": 180, "texture": "#1"},
				"up": {"uv": [0, 0, 1, 6], "rotation": 90, "texture": "#1"},
				"down": {"uv": [0, 0, 1, 6], "rotation": 90, "texture": "#1"}
			}
		},
		{
			"from": [5, -2, 2],
			"to": [11, -1, 3],
			"rotation": {"angle": 0, "axis": "z", "origin": [1, 6, -4]},
			"faces": {
				"north": {"uv": [0, 0, 1, 6], "rotation": 90, "texture": "#1"},
				"east": {"uv": [0, 0, 1, 1], "texture": "#1"},
				"south": {"uv": [0, 0, 1, 6], "rotation": 270, "texture": "#1"},
				"west": {"uv": [0, 0, 1, 1], "rotation": 180, "texture": "#1"},
				"up": {"uv": [0, 0, 1, 6], "rotation": 270, "texture": "#1"},
				"down": {"uv": [0, 0, 1, 6], "rotation": 270, "texture": "#1"}
			}
		},
		{
			"from": [5, 13, -2],
			"to": [11, 14, -1],
			"rotation": {"angle": 0, "axis": "z", "origin": [1, 20, 6]},
			"faces": {
				"north": {"uv": [0, 0, 1, 6], "rotation": 90, "texture": "#1"},
				"east": {"uv": [0, 0, 1, 1], "rotation": 270, "texture": "#1"},
				"south": {"uv": [0, 0, 1, 6], "rotation": 270, "texture": "#1"},
				"west": {"uv": [0, 0, 1, 1], "rotation": 270, "texture": "#1"},
				"up": {"uv": [0, 0, 1, 6], "rotation": 270, "texture": "#1"},
				"down": {"uv": [0, 0, 1, 6], "rotation": 270, "texture": "#1"}
			}
		},
		{
			"from": [17, 13, 5],
			"to": [18, 14, 11],
			"rotation": {"angle": 0, "axis": "y", "origin": [10, 15, 20]},
			"faces": {
				"north": {"uv": [0, 0, 1, 1], "rotation": 270, "texture": "#1"},
				"east": {"uv": [0, 0, 1, 6], "rotation": 90, "texture": "#1"},
				"south": {"uv": [0, 0, 1, 1], "rotation": 270, "texture": "#1"},
				"west": {"uv": [0, 0, 1, 6], "rotation": 270, "texture": "#1"},
				"up": {"uv": [0, 0, 1, 6], "texture": "#1"},
				"down": {"uv": [0, 0, 1, 6], "rotation": 180, "texture": "#1"}
			}
		},
		{
			"from": [5, 13, 17],
			"to": [11, 14, 18],
			"rotation": {"angle": 0, "axis": "y", "origin": [-4, 15, 10]},
			"faces": {
				"north": {"uv": [0, 0, 1, 6], "rotation": 270, "texture": "#1"},
				"east": {"uv": [0, 0, 1, 1], "rotation": 270, "texture": "#1"},
				"south": {"uv": [0, 0, 1, 6], "rotation": 90, "texture": "#1"},
				"west": {"uv": [0, 0, 1, 1], "rotation": 270, "texture": "#1"},
				"up": {"uv": [0, 0, 1, 6], "rotation": 90, "texture": "#1"},
				"down": {"uv": [0, 0, 1, 6], "rotation": 90, "texture": "#1"}
			}
		},
		{
			"from": [-2, 13, 5],
			"to": [-1, 14, 11],
			"rotation": {"angle": 0, "axis": "y", "origin": [6, 15, -4]},
			"faces": {
				"north": {"uv": [0, 0, 1, 1], "rotation": 270, "texture": "#1"},
				"east": {"uv": [0, 0, 1, 6], "rotation": 270, "texture": "#1"},
				"south": {"uv": [0, 0, 1, 1], "rotation": 270, "texture": "#1"},
				"west": {"uv": [0, 0, 1, 6], "rotation": 90, "texture": "#1"},
				"up": {"uv": [0, 0, 1, 6], "rotation": 180, "texture": "#1"},
				"down": {"uv": [0, 0, 1, 6], "texture": "#1"}
			}
		},
		{
			"from": [13, 17, 5],
			"to": [14, 18, 11],
			"rotation": {"angle": 0, "axis": "z", "origin": [15, 10, -4]},
			"faces": {
				"north": {"uv": [0, 0, 1, 1], "rotation": 180, "texture": "#1"},
				"east": {"uv": [0, 0, 1, 6], "rotation": 270, "texture": "#1"},
				"south": {"uv": [0, 0, 1, 1], "texture": "#1"},
				"west": {"uv": [0, 0, 1, 6], "rotation": 90, "texture": "#1"},
				"up": {"uv": [0, 0, 1, 6], "rotation": 180, "texture": "#1"},
				"down": {"uv": [0, 0, 1, 6], "texture": "#1"}
			}
		},
		{
			"from": [2, -2, 5],
			"to": [3, -1, 11],
			"rotation": {"angle": 0, "axis": "z", "origin": [1, 6, -4]},
			"faces": {
				"north": {"uv": [0, 0, 1, 1], "texture": "#1"},
				"east": {"uv": [0, 0, 1, 6], "rotation": 270, "texture": "#1"},
				"south": {"uv": [0, 0, 1, 1], "rotation": 180, "texture": "#1"},
				"west": {"uv": [0, 0, 1, 6], "rotation": 90, "texture": "#1"},
				"up": {"uv": [0, 0, 1, 6], "rotation": 180, "texture": "#1"},
				"down": {"uv": [0, 0, 1, 6], "texture": "#1"}
			}
		},
		{
			"from": [5, 2, -2],
			"to": [11, 3, -1],
			"rotation": {"angle": 0, "axis": "z", "origin": [1, 9, 6]},
			"faces": {
				"north": {"uv": [0, 0, 1, 6], "rotation": 90, "texture": "#1"},
				"east": {"uv": [0, 0, 1, 1], "rotation": 270, "texture": "#1"},
				"south": {"uv": [0, 0, 1, 6], "rotation": 270, "texture": "#1"},
				"west": {"uv": [0, 0, 1, 1], "rotation": 270, "texture": "#1"},
				"up": {"uv": [0, 0, 1, 6], "rotation": 270, "texture": "#1"},
				"down": {"uv": [0, 0, 1, 6], "rotation": 270, "texture": "#1"}
			}
		},
		{
			"from": [17, 2, 5],
			"to": [18, 3, 11],
			"rotation": {"angle": 0, "axis": "y", "origin": [10, 15, 20]},
			"faces": {
				"north": {"uv": [0, 0, 1, 1], "rotation": 270, "texture": "#1"},
				"east": {"uv": [0, 0, 1, 6], "rotation": 90, "texture": "#1"},
				"south": {"uv": [0, 0, 1, 1], "rotation": 270, "texture": "#1"},
				"west": {"uv": [0, 0, 1, 6], "rotation": 270, "texture": "#1"},
				"up": {"uv": [0, 0, 1, 6], "texture": "#1"},
				"down": {"uv": [0, 0, 1, 6], "rotation": 180, "texture": "#1"}
			}
		},
		{
			"from": [5, 2, 17],
			"to": [11, 3, 18],
			"rotation": {"angle": 0, "axis": "y", "origin": [-4, 15, 10]},
			"faces": {
				"north": {"uv": [0, 0, 1, 6], "rotation": 270, "texture": "#1"},
				"east": {"uv": [0, 0, 1, 1], "rotation": 270, "texture": "#1"},
				"south": {"uv": [0, 0, 1, 6], "rotation": 90, "texture": "#1"},
				"west": {"uv": [0, 0, 1, 1], "rotation": 270, "texture": "#1"},
				"up": {"uv": [0, 0, 1, 6], "rotation": 90, "texture": "#1"},
				"down": {"uv": [0, 0, 1, 6], "rotation": 90, "texture": "#1"}
			}
		},
		{
			"from": [-2, 2, 5],
			"to": [-1, 3, 11],
			"rotation": {"angle": 0, "axis": "y", "origin": [6, 15, -4]},
			"faces": {
				"north": {"uv": [0, 0, 1, 1], "rotation": 270, "texture": "#1"},
				"east": {"uv": [0, 0, 1, 6], "rotation": 270, "texture": "#1"},
				"south": {"uv": [0, 0, 1, 1], "rotation": 270, "texture": "#1"},
				"west": {"uv": [0, 0, 1, 6], "rotation": 90, "texture": "#1"},
				"up": {"uv": [0, 0, 1, 6], "rotation": 180, "texture": "#1"},
				"down": {"uv": [0, 0, 1, 6], "texture": "#1"}
			}
		},
		{
			"from": [2, 17, 5],
			"to": [3, 18, 11],
			"rotation": {"angle": 0, "axis": "z", "origin": [15, 10, -4]},
			"faces": {
				"north": {"uv": [0, 0, 1, 1], "rotation": 180, "texture": "#1"},
				"east": {"uv": [0, 0, 1, 6], "rotation": 270, "texture": "#1"},
				"south": {"uv": [0, 0, 1, 1], "texture": "#1"},
				"west": {"uv": [0, 0, 1, 6], "rotation": 90, "texture": "#1"},
				"up": {"uv": [0, 0, 1, 6], "rotation": 180, "texture": "#1"},
				"down": {"uv": [0, 0, 1, 6], "texture": "#1"}
			}
		},
		{
			"from": [13, -2, 5],
			"to": [14, -1, 11],
			"rotation": {"angle": 0, "axis": "z", "origin": [1, 6, -4]},
			"faces": {
				"north": {"uv": [0, 0, 1, 1], "texture": "#1"},
				"east": {"uv": [0, 0, 1, 6], "rotation": 270, "texture": "#1"},
				"south": {"uv": [0, 0, 1, 1], "rotation": 180, "texture": "#1"},
				"west": {"uv": [0, 0, 1, 6], "rotation": 90, "texture": "#1"},
				"up": {"uv": [0, 0, 1, 6], "rotation": 180, "texture": "#1"},
				"down": {"uv": [0, 0, 1, 6], "texture": "#1"}
			}
		},
		{
			"from": [6, 3, -2],
			"to": [10, 4, -1],
			"rotation": {"angle": 0, "axis": "z", "origin": [1, 10, 6]},
			"faces": {
				"north": {"uv": [0, 0, 1, 4], "rotation": 90, "texture": "#1"},
				"east": {"uv": [0, 0, 1, 1], "rotation": 270, "texture": "#1"},
				"south": {"uv": [0, 0, 1, 4], "rotation": 270, "texture": "#1"},
				"west": {"uv": [0, 0, 1, 1], "rotation": 270, "texture": "#1"},
				"up": {"uv": [0, 0, 1, 4], "rotation": 270, "texture": "#1"},
				"down": {"uv": [0, 0, 1, 4], "rotation": 270, "texture": "#1"}
			}
		},
		{
			"from": [17, 3, 6],
			"to": [18, 4, 10],
			"rotation": {"angle": 0, "axis": "y", "origin": [10, 15, 20]},
			"faces": {
				"north": {"uv": [0, 0, 1, 1], "rotation": 270, "texture": "#1"},
				"east": {"uv": [0, 0, 1, 4], "rotation": 90, "texture": "#1"},
				"south": {"uv": [0, 0, 1, 1], "rotation": 270, "texture": "#1"},
				"west": {"uv": [0, 0, 1, 4], "rotation": 270, "texture": "#1"},
				"up": {"uv": [0, 0, 1, 4], "texture": "#1"},
				"down": {"uv": [0, 0, 1, 4], "rotation": 180, "texture": "#1"}
			}
		},
		{
			"from": [6, 3, 17],
			"to": [10, 4, 18],
			"rotation": {"angle": 0, "axis": "y", "origin": [-4, 15, 10]},
			"faces": {
				"north": {"uv": [0, 0, 1, 4], "rotation": 270, "texture": "#1"},
				"east": {"uv": [0, 0, 1, 1], "rotation": 270, "texture": "#1"},
				"south": {"uv": [0, 0, 1, 4], "rotation": 90, "texture": "#1"},
				"west": {"uv": [0, 0, 1, 1], "rotation": 270, "texture": "#1"},
				"up": {"uv": [0, 0, 1, 4], "rotation": 90, "texture": "#1"},
				"down": {"uv": [0, 0, 1, 4], "rotation": 90, "texture": "#1"}
			}
		},
		{
			"from": [-2, 3, 6],
			"to": [-1, 4, 10],
			"rotation": {"angle": 0, "axis": "y", "origin": [6, 15, -4]},
			"faces": {
				"north": {"uv": [0, 0, 1, 1], "rotation": 270, "texture": "#1"},
				"east": {"uv": [0, 0, 1, 4], "rotation": 270, "texture": "#1"},
				"south": {"uv": [0, 0, 1, 1], "rotation": 270, "texture": "#1"},
				"west": {"uv": [0, 0, 1, 4], "rotation": 90, "texture": "#1"},
				"up": {"uv": [0, 0, 1, 4], "rotation": 180, "texture": "#1"},
				"down": {"uv": [0, 0, 1, 4], "texture": "#1"}
			}
		},
		{
			"from": [3, 17, 6],
			"to": [4, 18, 10],
			"rotation": {"angle": 0, "axis": "z", "origin": [15, 10, -4]},
			"faces": {
				"north": {"uv": [0, 0, 1, 1], "rotation": 180, "texture": "#1"},
				"east": {"uv": [0, 0, 1, 4], "rotation": 270, "texture": "#1"},
				"south": {"uv": [0, 0, 1, 1], "texture": "#1"},
				"west": {"uv": [0, 0, 1, 4], "rotation": 90, "texture": "#1"},
				"up": {"uv": [0, 0, 1, 4], "rotation": 180, "texture": "#1"},
				"down": {"uv": [0, 0, 1, 4], "texture": "#1"}
			}
		},
		{
			"from": [12, -2, 6],
			"to": [13, -1, 10],
			"rotation": {"angle": 0, "axis": "z", "origin": [1, 6, -4]},
			"faces": {
				"north": {"uv": [0, 0, 1, 1], "texture": "#1"},
				"east": {"uv": [0, 0, 1, 4], "rotation": 270, "texture": "#1"},
				"south": {"uv": [0, 0, 1, 1], "rotation": 180, "texture": "#1"},
				"west": {"uv": [0, 0, 1, 4], "rotation": 90, "texture": "#1"},
				"up": {"uv": [0, 0, 1, 4], "rotation": 180, "texture": "#1"},
				"down": {"uv": [0, 0, 1, 4], "texture": "#1"}
			}
		},
		{
			"from": [6, 12, -2],
			"to": [10, 13, -1],
			"rotation": {"angle": 0, "axis": "z", "origin": [1, 19, 6]},
			"faces": {
				"north": {"uv": [0, 0, 1, 4], "rotation": 90, "texture": "#1"},
				"east": {"uv": [0, 0, 1, 1], "rotation": 270, "texture": "#1"},
				"south": {"uv": [0, 0, 1, 4], "rotation": 270, "texture": "#1"},
				"west": {"uv": [0, 0, 1, 1], "rotation": 270, "texture": "#1"},
				"up": {"uv": [0, 0, 1, 4], "rotation": 270, "texture": "#1"},
				"down": {"uv": [0, 0, 1, 4], "rotation": 270, "texture": "#1"}
			}
		},
		{
			"from": [17, 12, 6],
			"to": [18, 13, 10],
			"rotation": {"angle": 0, "axis": "y", "origin": [10, 15, 20]},
			"faces": {
				"north": {"uv": [0, 0, 1, 1], "rotation": 270, "texture": "#1"},
				"east": {"uv": [0, 0, 1, 4], "rotation": 90, "texture": "#1"},
				"south": {"uv": [0, 0, 1, 1], "rotation": 270, "texture": "#1"},
				"west": {"uv": [0, 0, 1, 4], "rotation": 270, "texture": "#1"},
				"up": {"uv": [0, 0, 1, 4], "texture": "#1"},
				"down": {"uv": [0, 0, 1, 4], "rotation": 180, "texture": "#1"}
			}
		},
		{
			"from": [6, 12, 17],
			"to": [10, 13, 18],
			"rotation": {"angle": 0, "axis": "y", "origin": [-4, 15, 10]},
			"faces": {
				"north": {"uv": [0, 0, 1, 4], "rotation": 270, "texture": "#1"},
				"east": {"uv": [0, 0, 1, 1], "rotation": 270, "texture": "#1"},
				"south": {"uv": [0, 0, 1, 4], "rotation": 90, "texture": "#1"},
				"west": {"uv": [0, 0, 1, 1], "rotation": 270, "texture": "#1"},
				"up": {"uv": [0, 0, 1, 4], "rotation": 90, "texture": "#1"},
				"down": {"uv": [0, 0, 1, 4], "rotation": 90, "texture": "#1"}
			}
		},
		{
			"from": [-2, 12, 6],
			"to": [-1, 13, 10],
			"rotation": {"angle": 0, "axis": "y", "origin": [6, 15, -4]},
			"faces": {
				"north": {"uv": [0, 0, 1, 1], "rotation": 270, "texture": "#1"},
				"east": {"uv": [0, 0, 1, 4], "rotation": 270, "texture": "#1"},
				"south": {"uv": [0, 0, 1, 1], "rotation": 270, "texture": "#1"},
				"west": {"uv": [0, 0, 1, 4], "rotation": 90, "texture": "#1"},
				"up": {"uv": [0, 0, 1, 4], "rotation": 180, "texture": "#1"},
				"down": {"uv": [0, 0, 1, 4], "texture": "#1"}
			}
		},
		{
			"from": [12, 17, 6],
			"to": [13, 18, 10],
			"rotation": {"angle": 0, "axis": "z", "origin": [15, 10, -4]},
			"faces": {
				"north": {"uv": [0, 0, 1, 1], "rotation": 180, "texture": "#1"},
				"east": {"uv": [0, 0, 1, 4], "rotation": 270, "texture": "#1"},
				"south": {"uv": [0, 0, 1, 1], "texture": "#1"},
				"west": {"uv": [0, 0, 1, 4], "rotation": 90, "texture": "#1"},
				"up": {"uv": [0, 0, 1, 4], "rotation": 180, "texture": "#1"},
				"down": {"uv": [0, 0, 1, 4], "texture": "#1"}
			}
		},
		{
			"from": [3, -2, 6],
			"to": [4, -1, 10],
			"rotation": {"angle": 0, "axis": "z", "origin": [1, 6, -4]},
			"faces": {
				"north": {"uv": [0, 0, 1, 1], "texture": "#1"},
				"east": {"uv": [0, 0, 1, 4], "rotation": 270, "texture": "#1"},
				"south": {"uv": [0, 0, 1, 1], "rotation": 180, "texture": "#1"},
				"west": {"uv": [0, 0, 1, 4], "rotation": 90, "texture": "#1"},
				"up": {"uv": [0, 0, 1, 4], "rotation": 180, "texture": "#1"},
				"down": {"uv": [0, 0, 1, 4], "texture": "#1"}
			}
		},
		{
			"from": [6, 6, -1.25],
			"to": [10, 10, -1],
			"rotation": {"angle": 0, "axis": "y", "origin": [15, 15, 6]},
			"faces": {
				"north": {"uv": [0, 0, 4, 4], "texture": "#2"},
				"east": {"uv": [0, 0, 0.25, 4], "texture": "#2"},
				"south": {"uv": [0, 0, 4, 4], "texture": "#2"},
				"west": {"uv": [0, 0, 0.25, 4], "texture": "#2"},
				"up": {"uv": [0, 0, 4, 0.25], "texture": "#2"},
				"down": {"uv": [0, 0, 4, 0.25], "texture": "#2"}
			}
		},
		{
			"from": [17, 6, 6],
			"to": [17.25, 10, 10],
			"rotation": {"angle": 0, "axis": "y", "origin": [10, 15, 20]},
			"faces": {
				"north": {"uv": [0, 0, 0.25, 4], "texture": "#2"},
				"east": {"uv": [0, 0, 4, 4], "texture": "#2"},
				"south": {"uv": [0, 0, 0.25, 4], "texture": "#2"},
				"west": {"uv": [0, 0, 4, 4], "texture": "#2"},
				"up": {"uv": [0, 0, 4, 0.25], "rotation": 90, "texture": "#2"},
				"down": {"uv": [0, 0, 4, 0.25], "rotation": 270, "texture": "#2"}
			}
		},
		{
			"from": [6, 6, 17],
			"to": [10, 10, 17.25],
			"rotation": {"angle": 0, "axis": "y", "origin": [-4, 15, 10]},
			"faces": {
				"north": {"uv": [0, 0, 4, 4], "texture": "#2"},
				"east": {"uv": [0, 0, 0.25, 4], "texture": "#2"},
				"south": {"uv": [0, 0, 4, 4], "texture": "#2"},
				"west": {"uv": [0, 0, 0.25, 4], "texture": "#2"},
				"up": {"uv": [0, 0, 4, 0.25], "rotation": 180, "texture": "#2"},
				"down": {"uv": [0, 0, 4, 0.25], "rotation": 180, "texture": "#2"}
			}
		},
		{
			"from": [-1.25, 6, 6],
			"to": [-1, 10, 10],
			"rotation": {"angle": 0, "axis": "y", "origin": [6, 15, -4]},
			"faces": {
				"north": {"uv": [0, 0, 0.25, 4], "texture": "#2"},
				"east": {"uv": [0, 0, 4, 4], "texture": "#2"},
				"south": {"uv": [0, 0, 0.25, 4], "texture": "#2"},
				"west": {"uv": [0, 0, 4, 4], "texture": "#2"},
				"up": {"uv": [0, 0, 4, 0.25], "rotation": 270, "texture": "#2"},
				"down": {"uv": [0, 0, 4, 0.25], "rotation": 90, "texture": "#2"}
			}
		},
		{
			"from": [6, 17, 6],
			"to": [10, 17.25, 10],
			"rotation": {"angle": 0, "axis": "z", "origin": [15, 10, -4]},
			"faces": {
				"north": {"uv": [0, 0, 0.25, 4], "rotation": 270, "texture": "#2"},
				"east": {"uv": [0, 0, 4, 0.25], "texture": "#2"},
				"south": {"uv": [0, 0, 0.25, 4], "rotation": 90, "texture": "#2"},
				"west": {"uv": [0, 0, 4, 0.25], "rotation": 180, "texture": "#2"},
				"up": {"uv": [0, 0, 4, 4], "rotation": 90, "texture": "#2"},
				"down": {"uv": [0, 0, 4, 4], "rotation": 90, "texture": "#2"}
			}
		},
		{
			"from": [6, -1.25, 6],
			"to": [10, -1, 10],
			"rotation": {"angle": 0, "axis": "z", "origin": [1, 6, -4]},
			"faces": {
				"north": {"uv": [0, 0, 0.25, 4], "rotation": 90, "texture": "#2"},
				"east": {"uv": [0, 0, 4, 0.25], "texture": "#2"},
				"south": {"uv": [0, 0, 0.25, 4], "rotation": 270, "texture": "#2"},
				"west": {"uv": [0, 0, 4, 0.25], "rotation": 180, "texture": "#2"},
				"up": {"uv": [0, 0, 4, 4], "rotation": 270, "texture": "#2"},
				"down": {"uv": [0, 0, 4, 4], "rotation": 270, "texture": "#2"}
			}
		}
	],
	"display": {
		"thirdperson_righthand": {
			"scale": [0.31, 0.31, 0.31]
		},
		"gui": {
			"rotation": [23, 45, 0],
			"scale": [0.56, 0.56, 0.56]
		}
	}
}