{
	"credit": "Made with Blockbench",
	"textures": {
		"0": "block/door/texture_gray",
		"1": "block/door/texture_light_gray",
		"2": "block/door/texture_light_blue",
		"particle": "block/door/texture_gray"
	},
	"elements": [
		{
			"from": [-16, -16, 4],
			"to": [32, 32, 12],
			"rotation": {"angle": 0, "axis": "y", "origin": [8, 8, 11]},
			"faces": {
				"north": {"uv": [0, 0, 16, 16], "texture": "#0"},
				"east": {"uv": [0, 0, 8, 16], "texture": "#0"},
				"south": {"uv": [0, 0, 16, 16], "texture": "#0"},
				"west": {"uv": [0, 0, 8, 16], "texture": "#0"},
				"up": {"uv": [0, 0, 16, 8], "texture": "#0"},
				"down": {"uv": [0, 0, 16, 8], "texture": "#0"}
			}
		},
		{
			"from": [-16, -16, 3],
			"to": [32, -14, 4],
			"rotation": {"angle": 0, "axis": "y", "origin": [-8, -8, 11]},
			"faces": {
				"north": {"uv": [0, 0, 16, 2], "texture": "#1"},
				"east": {"uv": [0, 0, 1, 2], "texture": "#1"},
				"south": {"uv": [0, 0, 16, 2], "texture": "#1"},
				"west": {"uv": [0, 0, 1, 2], "texture": "#1"},
				"up": {"uv": [0, 0, 16, 1], "texture": "#1"},
				"down": {"uv": [0, 0, 16, 1], "texture": "#1"}
			}
		},
		{
			"from": [-14, -11, 3],
			"to": [-3, -9, 4],
			"rotation": {"angle": 0, "axis": "y", "origin": [-8, -3, 11]},
			"faces": {
				"north": {"uv": [0, 0, 11, 2], "texture": "#1"},
				"east": {"uv": [0, 0, 1, 2], "texture": "#1"},
				"south": {"uv": [0, 0, 11, 2], "texture": "#1"},
				"west": {"uv": [0, 0, 1, 2], "texture": "#1"},
				"up": {"uv": [0, 0, 11, 1], "texture": "#1"},
				"down": {"uv": [0, 0, 11, 1], "texture": "#1"}
			}
		},
		{
			"from": [-14, -11, 12],
			"to": [-3, -9, 13],
			"rotation": {"angle": 0, "axis": "y", "origin": [-8, -3, 20]},
			"faces": {
				"north": {"uv": [0, 0, 11, 2], "texture": "#1"},
				"east": {"uv": [0, 0, 1, 2], "texture": "#1"},
				"south": {"uv": [0, 0, 11, 2], "texture": "#1"},
				"west": {"uv": [0, 0, 1, 2], "texture": "#1"},
				"up": {"uv": [0, 0, 11, 1], "texture": "#1"},
				"down": {"uv": [0, 0, 11, 1], "texture": "#1"}
			}
		},
		{
			"from": [19, -11, 3],
			"to": [30, -9, 4],
			"rotation": {"angle": 0, "axis": "y", "origin": [23, -3, 11]},
			"faces": {
				"north": {"uv": [0, 0, 11, 2], "texture": "#1"},
				"east": {"uv": [0, 0, 1, 2], "texture": "#1"},
				"south": {"uv": [0, 0, 11, 2], "texture": "#1"},
				"west": {"uv": [0, 0, 1, 2], "texture": "#1"},
				"up": {"uv": [0, 0, 11, 1], "texture": "#1"},
				"down": {"uv": [0, 0, 11, 1], "texture": "#1"}
			}
		},
		{
			"from": [19, -11, 12],
			"to": [30, -9, 13],
			"rotation": {"angle": 0, "axis": "y", "origin": [23, -3, 20]},
			"faces": {
				"north": {"uv": [0, 0, 11, 2], "texture": "#1"},
				"east": {"uv": [0, 0, 1, 2], "texture": "#1"},
				"south": {"uv": [0, 0, 11, 2], "texture": "#1"},
				"west": {"uv": [0, 0, 1, 2], "texture": "#1"},
				"up": {"uv": [0, 0, 11, 1], "texture": "#1"},
				"down": {"uv": [0, 0, 11, 1], "texture": "#1"}
			}
		},
		{
			"from": [-16, -16, 12],
			"to": [32, -14, 13],
			"rotation": {"angle": 0, "axis": "y", "origin": [-8, -8, 20]},
			"faces": {
				"north": {"uv": [0, 0, 16, 2], "texture": "#1"},
				"east": {"uv": [0, 0, 1, 2], "texture": "#1"},
				"south": {"uv": [0, 0, 16, 2], "texture": "#1"},
				"west": {"uv": [0, 0, 1, 2], "texture": "#1"},
				"up": {"uv": [0, 0, 16, 1], "texture": "#1"},
				"down": {"uv": [0, 0, 16, 1], "texture": "#1"}
			}
		},
		{
			"from": [-16, 30, 3],
			"to": [32, 32, 4],
			"rotation": {"angle": 0, "axis": "y", "origin": [-8, 38, 11]},
			"faces": {
				"north": {"uv": [0, 0, 16, 2], "texture": "#1"},
				"east": {"uv": [0, 0, 1, 2], "texture": "#1"},
				"south": {"uv": [0, 0, 16, 2], "texture": "#1"},
				"west": {"uv": [0, 0, 1, 2], "texture": "#1"},
				"up": {"uv": [0, 0, 16, 1], "texture": "#1"},
				"down": {"uv": [0, 0, 16, 1], "texture": "#1"}
			}
		},
		{
			"from": [-16, 30, 12],
			"to": [32, 32, 13],
			"rotation": {"angle": 0, "axis": "y", "origin": [-8, 38, 20]},
			"faces": {
				"north": {"uv": [0, 0, 16, 2], "texture": "#1"},
				"east": {"uv": [0, 0, 1, 2], "texture": "#1"},
				"south": {"uv": [0, 0, 16, 2], "texture": "#1"},
				"west": {"uv": [0, 0, 1, 2], "texture": "#1"},
				"up": {"uv": [0, 0, 16, 1], "texture": "#1"},
				"down": {"uv": [0, 0, 16, 1], "texture": "#1"}
			}
		},
		{
			"from": [-16, -14, 3],
			"to": [-14, 30, 4],
			"rotation": {"angle": 0, "axis": "y", "origin": [-8, 36, 11]},
			"faces": {
				"north": {"uv": [0, 0, 2, 16], "texture": "#1"},
				"east": {"uv": [0, 0, 1, 16], "texture": "#1"},
				"south": {"uv": [0, 0, 2, 16], "texture": "#1"},
				"west": {"uv": [0, 0, 1, 16], "texture": "#1"},
				"up": {"uv": [0, 0, 2, 1], "texture": "#1"},
				"down": {"uv": [0, 0, 2, 1], "texture": "#1"}
			}
		},
		{
			"from": [7, 1, 3],
			"to": [9, 30, 4],
			"rotation": {"angle": 0, "axis": "y", "origin": [15, 36, 11]},
			"faces": {
				"north": {"uv": [0, 0, 2, 16], "texture": "#1"},
				"east": {"uv": [0, 0, 1, 16], "texture": "#1"},
				"south": {"uv": [0, 0, 2, 16], "texture": "#1"},
				"west": {"uv": [0, 0, 1, 16], "texture": "#1"},
				"up": {"uv": [0, 0, 2, 1], "texture": "#1"},
				"down": {"uv": [0, 0, 2, 1], "texture": "#1"}
			}
		},
		{
			"from": [7, 1, 12],
			"to": [9, 30, 13],
			"rotation": {"angle": 0, "axis": "y", "origin": [15, 36, 20]},
			"faces": {
				"north": {"uv": [0, 0, 2, 16], "texture": "#1"},
				"east": {"uv": [0, 0, 1, 16], "texture": "#1"},
				"south": {"uv": [0, 0, 2, 16], "texture": "#1"},
				"west": {"uv": [0, 0, 1, 16], "texture": "#1"},
				"up": {"uv": [0, 0, 2, 1], "texture": "#1"},
				"down": {"uv": [0, 0, 2, 1], "texture": "#1"}
			}
		},
		{
			"from": [-16, -14, 12],
			"to": [-14, 30, 13],
			"rotation": {"angle": 0, "axis": "y", "origin": [-8, 36, 20]},
			"faces": {
				"north": {"uv": [0, 0, 2, 16], "texture": "#1"},
				"east": {"uv": [0, 0, 1, 16], "texture": "#1"},
				"south": {"uv": [0, 0, 2, 16], "texture": "#1"},
				"west": {"uv": [0, 0, 1, 16], "texture": "#1"},
				"up": {"uv": [0, 0, 2, 1], "texture": "#1"},
				"down": {"uv": [0, 0, 2, 1], "texture": "#1"}
			}
		},
		{
			"from": [30, -14, 3],
			"to": [32, 30, 4],
			"rotation": {"angle": 0, "axis": "y", "origin": [38, 36, 11]},
			"faces": {
				"north": {"uv": [0, 0, 2, 16], "texture": "#1"},
				"east": {"uv": [0, 0, 1, 16], "texture": "#1"},
				"south": {"uv": [0, 0, 2, 16], "texture": "#1"},
				"west": {"uv": [0, 0, 1, 16], "texture": "#1"},
				"up": {"uv": [0, 0, 2, 1], "texture": "#1"},
				"down": {"uv": [0, 0, 2, 1], "texture": "#1"}
			}
		},
		{
			"from": [30, -14, 12],
			"to": [32, 30, 13],
			"rotation": {"angle": 0, "axis": "y", "origin": [38, 36, 20]},
			"faces": {
				"north": {"uv": [0, 0, 2, 16], "texture": "#1"},
				"east": {"uv": [0, 0, 1, 16], "texture": "#1"},
				"south": {"uv": [0, 0, 2, 16], "texture": "#1"},
				"west": {"uv": [0, 0, 1, 16], "texture": "#1"},
				"up": {"uv": [0, 0, 2, 1], "texture": "#1"},
				"down": {"uv": [0, 0, 2, 1], "texture": "#1"}
			}
		},
		{
			"from": [7, -9, 3.25],
			"to": [9, -8, 4],
			"rotation": {"angle": 0, "axis": "y", "origin": [16, -1, 11]},
			"faces": {
				"north": {"uv": [0, 0, 2, 1], "texture": "#2"},
				"east": {"uv": [0, 0, 0.75, 1], "texture": "#2"},
				"south": {"uv": [0, 0, 2, 1], "texture": "#2"},
				"west": {"uv": [0, 0, 0.75, 1], "texture": "#2"},
				"up": {"uv": [0, 0, 2, 0.75], "texture": "#2"},
				"down": {"uv": [0, 0, 2, 0.75], "texture": "#2"}
			}
		},
		{
			"from": [7, -9, 12],
			"to": [9, -8, 12.75],
			"rotation": {"angle": 0, "axis": "y", "origin": [16, -1, 19.75]},
			"faces": {
				"north": {"uv": [0, 0, 2, 1], "texture": "#2"},
				"east": {"uv": [0, 0, 0.75, 1], "texture": "#2"},
				"south": {"uv": [0, 0, 2, 1], "texture": "#2"},
				"west": {"uv": [0, 0, 0.75, 1], "texture": "#2"},
				"up": {"uv": [0, 0, 2, 0.75], "texture": "#2"},
				"down": {"uv": [0, 0, 2, 0.75], "texture": "#2"}
			}
		},
		{
			"from": [-4.75, -8.5, 3.25],
			"to": [12.25, -7.5, 4],
			"rotation": {"angle": 45, "axis": "z", "origin": [-1.75, -8, 3.5]},
			"faces": {
				"north": {"uv": [0, 0, 16, 1], "texture": "#2"},
				"east": {"uv": [0, 0, 0.75, 1], "texture": "#2"},
				"south": {"uv": [0, 0, 16, 1], "texture": "#2"},
				"west": {"uv": [0, 0, 0.75, 1], "texture": "#2"},
				"up": {"uv": [0, 0, 16, 0.75], "texture": "#2"},
				"down": {"uv": [0, 0, 16, 0.75], "texture": "#2"}
			}
		},
		{
			"from": [-4.75, -8.5, 12],
			"to": [12.25, -7.5, 12.75],
			"rotation": {"angle": 45, "axis": "z", "origin": [-1.75, -8, 12.25]},
			"faces": {
				"north": {"uv": [0, 0, 16, 1], "texture": "#2"},
				"east": {"uv": [0, 0, 0.75, 1], "texture": "#2"},
				"south": {"uv": [0, 0, 16, 1], "texture": "#2"},
				"west": {"uv": [0, 0, 0.75, 1], "texture": "#2"},
				"up": {"uv": [0, 0, 16, 0.75], "texture": "#2"},
				"down": {"uv": [0, 0, 16, 0.75], "texture": "#2"}
			}
		},
		{
			"from": [8.25, -8.5, 3.25],
			"to": [13.25, -7.5, 4],
			"rotation": {"angle": 45, "axis": "z", "origin": [9.25, -8, 3.5]},
			"faces": {
				"north": {"uv": [0, 0, 5, 1], "texture": "#2"},
				"east": {"uv": [0, 0, 0.75, 1], "texture": "#2"},
				"south": {"uv": [0, 0, 5, 1], "texture": "#2"},
				"west": {"uv": [0, 0, 0.75, 1], "texture": "#2"},
				"up": {"uv": [0, 0, 5, 0.75], "texture": "#2"},
				"down": {"uv": [0, 0, 5, 0.75], "texture": "#2"}
			}
		},
		{
			"from": [8.25, -8.5, 12],
			"to": [13.25, -7.5, 12.75],
			"rotation": {"angle": 45, "axis": "z", "origin": [9.25, -8, 12.25]},
			"faces": {
				"north": {"uv": [0, 0, 5, 1], "texture": "#2"},
				"east": {"uv": [0, 0, 0.75, 1], "texture": "#2"},
				"south": {"uv": [0, 0, 5, 1], "texture": "#2"},
				"west": {"uv": [0, 0, 0.75, 1], "texture": "#2"},
				"up": {"uv": [0, 0, 5, 0.75], "texture": "#2"},
				"down": {"uv": [0, 0, 5, 0.75], "texture": "#2"}
			}
		},
		{
			"from": [3.5, -5.5, 3.25],
			"to": [12.5, -4.5, 4],
			"rotation": {"angle": 0, "axis": "z", "origin": [6.5, -5, 3.5]},
			"faces": {
				"north": {"uv": [0, 0, 9, 1], "texture": "#2"},
				"east": {"uv": [0, 0, 0.75, 1], "texture": "#2"},
				"south": {"uv": [0, 0, 9, 1], "texture": "#2"},
				"west": {"uv": [0, 0, 0.75, 1], "texture": "#2"},
				"up": {"uv": [0, 0, 9, 0.75], "texture": "#2"},
				"down": {"uv": [0, 0, 9, 0.75], "texture": "#2"}
			}
		},
		{
			"from": [3.5, -5.5, 12],
			"to": [12.5, -4.5, 12.75],
			"rotation": {"angle": 0, "axis": "z", "origin": [6.5, -5, 12.25]},
			"faces": {
				"north": {"uv": [0, 0, 9, 1], "texture": "#2"},
				"east": {"uv": [0, 0, 0.75, 1], "texture": "#2"},
				"south": {"uv": [0, 0, 9, 1], "texture": "#2"},
				"west": {"uv": [0, 0, 0.75, 1], "texture": "#2"},
				"up": {"uv": [0, 0, 9, 0.75], "texture": "#2"},
				"down": {"uv": [0, 0, 9, 0.75], "texture": "#2"}
			}
		},
		{
			"from": [2.75, -8.5, 3.25],
			"to": [7.75, -7.5, 4],
			"rotation": {"angle": -45, "axis": "z", "origin": [6.75, -8, 3.5]},
			"faces": {
				"north": {"uv": [0, 0, 5, 1], "texture": "#2"},
				"east": {"uv": [0, 0, 0.75, 1], "texture": "#2"},
				"south": {"uv": [0, 0, 5, 1], "texture": "#2"},
				"west": {"uv": [0, 0, 0.75, 1], "texture": "#2"},
				"up": {"uv": [0, 0, 5, 0.75], "texture": "#2"},
				"down": {"uv": [0, 0, 5, 0.75], "texture": "#2"}
			}
		},
		{
			"from": [2.75, -8.5, 12],
			"to": [7.75, -7.5, 12.75],
			"rotation": {"angle": -45, "axis": "z", "origin": [6.75, -8, 12.25]},
			"faces": {
				"north": {"uv": [0, 0, 5, 1], "texture": "#2"},
				"east": {"uv": [0, 0, 0.75, 1], "texture": "#2"},
				"south": {"uv": [0, 0, 5, 1], "texture": "#2"},
				"west": {"uv": [0, 0, 0.75, 1], "texture": "#2"},
				"up": {"uv": [0, 0, 5, 0.75], "texture": "#2"},
				"down": {"uv": [0, 0, 5, 0.75], "texture": "#2"}
			}
		},
		{
			"from": [3.75, -8.5, 3.25],
			"to": [20.75, -7.5, 4],
			"rotation": {"angle": -45, "axis": "z", "origin": [17.75, -8, 3.5]},
			"faces": {
				"north": {"uv": [0, 0, 16, 1], "texture": "#2"},
				"east": {"uv": [0, 0, 0.75, 1], "texture": "#2"},
				"south": {"uv": [0, 0, 16, 1], "texture": "#2"},
				"west": {"uv": [0, 0, 0.75, 1], "texture": "#2"},
				"up": {"uv": [0, 0, 16, 0.75], "texture": "#2"},
				"down": {"uv": [0, 0, 16, 0.75], "texture": "#2"}
			}
		},
		{
			"from": [3.75, -8.5, 12],
			"to": [20.75, -7.5, 12.75],
			"rotation": {"angle": -45, "axis": "z", "origin": [17.75, -8, 12.25]},
			"faces": {
				"north": {"uv": [0, 0, 16, 1], "texture": "#2"},
				"east": {"uv": [0, 0, 0.75, 1], "texture": "#2"},
				"south": {"uv": [0, 0, 16, 1], "texture": "#2"},
				"west": {"uv": [0, 0, 0.75, 1], "texture": "#2"},
				"up": {"uv": [0, 0, 16, 0.75], "texture": "#2"},
				"down": {"uv": [0, 0, 16, 0.75], "texture": "#2"}
			}
		}
	],
	"display": {
		"thirdperson_righthand": {
			"scale": [0.31, 0.31, 0.31]
		},
		"gui": {
			"rotation": [23, 45, 0],
			"scale": [0.56, 0.56, 0.56]
		}
	}
}