{
	"credit": "Made with Blockbench",
	"textures": {
		"0": "block/white_concrete",
		"1": "block/texture_black",
		"3": "block/door/texture_door_controll_upper",
		"particle": "block/white_concrete"
	},
	"elements": [
		{
			"from": [-0.5, 0, -0.25],
			"to": [16.25, 16.25, 16.25],
			"faces": {
				"north": {"uv": [0, 0, 16, 16], "texture": "#0"},
				"east": {"uv": [0, 0, 16, 16], "texture": "#0"},
				"south": {"uv": [0, 0, 16, 16], "texture": "#0"},
				"west": {"uv": [0, 0, 16, 16], "texture": "#0"},
				"up": {"uv": [0, 0, 16, 16], "texture": "#0"},
				"down": {"uv": [0, 0, 16, 16], "texture": "#0"}
			}
		},
		{
			"from": [-0.75, 16, -0.5],
			"to": [16.5, 16.5, 0.5],
			"rotation": {"angle": 0, "axis": "y", "origin": [7.5, 24, 7.5]},
			"faces": {
				"north": {"uv": [0, 0, 16, 0.5], "texture": "#1"},
				"east": {"uv": [0, 0, 1, 0.5], "texture": "#1"},
				"south": {"uv": [0, 0, 16, 0.5], "texture": "#1"},
				"west": {"uv": [0, 0, 1, 0.5], "texture": "#1"},
				"up": {"uv": [0, 0, 16, 1], "texture": "#1"},
				"down": {"uv": [0, 0, 16, 1], "texture": "#1"}
			}
		},
		{
			"from": [-0.75, 16, 15.5],
			"to": [16.5, 16.5, 16.5],
			"rotation": {"angle": 0, "axis": "y", "origin": [7.5, 24, 23.5]},
			"faces": {
				"north": {"uv": [0, 0, 16, 0.5], "texture": "#1"},
				"east": {"uv": [0, 0, 1, 0.5], "texture": "#1"},
				"south": {"uv": [0, 0, 16, 0.5], "texture": "#1"},
				"west": {"uv": [0, 0, 1, 0.5], "texture": "#1"},
				"up": {"uv": [0, 0, 16, 1], "texture": "#1"},
				"down": {"uv": [0, 0, 16, 1], "texture": "#1"}
			}
		},
		{
			"from": [-0.75, 16, 0.5],
			"to": [16.5, 16.5, 15.5],
			"rotation": {"angle": 0, "axis": "y", "origin": [7.25, 24, 22.25]},
			"faces": {
				"north": {"uv": [0, 0, 16, 0.5], "texture": "#1"},
				"east": {"uv": [0, 0, 15, 0.5], "texture": "#1"},
				"south": {"uv": [0, 0, 16, 0.5], "texture": "#1"},
				"west": {"uv": [0, 0, 15, 0.5], "texture": "#1"},
				"up": {"uv": [0, 0, 16, 15], "texture": "#1"},
				"down": {"uv": [0, 0, 16, 15], "texture": "#1"}
			}
		},
		{
			"from": [-0.5, 16.5, -0.25],
			"to": [16, 16.75, 16.25],
			"rotation": {"angle": 0, "axis": "y", "origin": [7.25, 24.25, 22.25]},
			"faces": {
				"north": {"uv": [0, 0, 16, 0.25], "texture": "#1"},
				"east": {"uv": [0, 0, 16, 0.25], "texture": "#1"},
				"south": {"uv": [0, 0, 16, 0.25], "texture": "#1"},
				"west": {"uv": [0, 0, 16, 0.25], "texture": "#1"},
				"up": {"uv": [0, 0, 16, 16], "texture": "#1"},
				"down": {"uv": [0, 0, 16, 16], "texture": "#1"}
			}
		},
		{
			"from": [-0.25, 16.75, 0],
			"to": [15.75, 17, 16],
			"rotation": {"angle": 0, "axis": "y", "origin": [7.25, 24.5, 22.25]},
			"faces": {
				"north": {"uv": [0, 0, 16, 0.25], "texture": "#1"},
				"east": {"uv": [0, 0, 16, 0.25], "texture": "#1"},
				"south": {"uv": [0, 0, 16, 0.25], "texture": "#1"},
				"west": {"uv": [0, 0, 16, 0.25], "texture": "#1"},
				"up": {"uv": [0, 0, 16, 16], "texture": "#3"},
				"down": {"uv": [0, 0, 16, 16], "texture": "#1"}
			}
		}
	],
	"display": {
		"thirdperson_righthand": {
			"scale": [0.31, 0.31, 0.31]
		},
		"gui": {
			"rotation": [23, 45, 0],
			"scale": [0.56, 0.56, 0.56]
		}
	}
}