{
	"credit": "Made with Blockbench",
	"textures": {
		"0": "block/gray_concrete",
		"1": "block/white_concrete",
		"2": "block/button/texture_button",
		"particle": "block/gray_concrete"
	},
	"elements": [
		{
			"from": [0, 0, 0],
			"to": [16, 16, 16],
			"faces": {
				"north": {"uv": [0, 0, 16, 16], "texture": "#0"},
				"east": {"uv": [0, 0, 16, 16], "texture": "#0"},
				"south": {"uv": [0, 0, 16, 16], "texture": "#0"},
				"west": {"uv": [0, 0, 16, 16], "texture": "#0"},
				"up": {"uv": [0, 0, 16, 16], "texture": "#0"},
				"down": {"uv": [0, 0, 16, 16], "texture": "#0"}
			}
		},
		{
			"from": [-2, 16, -2],
			"to": [18, 18, 18],
			"rotation": {"angle": 0, "axis": "y", "origin": [5, 24, 5]},
			"faces": {
				"north": {"uv": [0, 0, 16, 2], "texture": "#1"},
				"east": {"uv": [0, 0, 16, 2], "texture": "#1"},
				"south": {"uv": [0, 0, 16, 2], "texture": "#1"},
				"west": {"uv": [0, 0, 16, 2], "texture": "#1"},
				"up": {"uv": [0, 0, 16, 16], "texture": "#1"},
				"down": {"uv": [0, 0, 16, 16], "texture": "#1"}
			}
		},
		{
			"from": [0, 18, 0],
			"to": [1, 18.5, 16],
			"rotation": {"angle": 0, "axis": "y", "origin": [8, 26, 8]},
			"faces": {
				"north": {"uv": [0, 0, 1, 0.5], "texture": "#1"},
				"east": {"uv": [0, 0, 16, 0.5], "texture": "#1"},
				"south": {"uv": [0, 0, 1, 0.5], "texture": "#1"},
				"west": {"uv": [0, 0, 16, 0.5], "texture": "#1"},
				"up": {"uv": [0, 0, 1, 16], "texture": "#1"},
				"down": {"uv": [0, 0, 1, 16], "texture": "#1"}
			}
		},
		{
			"from": [15, 18, 0],
			"to": [16, 18.5, 16],
			"rotation": {"angle": 0, "axis": "y", "origin": [23, 26, 8]},
			"faces": {
				"north": {"uv": [0, 0, 1, 0.5], "texture": "#1"},
				"east": {"uv": [0, 0, 16, 0.5], "texture": "#1"},
				"south": {"uv": [0, 0, 1, 0.5], "texture": "#1"},
				"west": {"uv": [0, 0, 16, 0.5], "texture": "#1"},
				"up": {"uv": [0, 0, 1, 16], "texture": "#1"},
				"down": {"uv": [0, 0, 1, 16], "texture": "#1"}
			}
		},
		{
			"from": [1, 18, 0],
			"to": [15, 18.5, 1],
			"rotation": {"angle": 0, "axis": "y", "origin": [9, 26, 8]},
			"faces": {
				"north": {"uv": [0, 0, 14, 0.5], "texture": "#1"},
				"east": {"uv": [0, 0, 1, 0.5], "texture": "#1"},
				"south": {"uv": [0, 0, 14, 0.5], "texture": "#1"},
				"west": {"uv": [0, 0, 1, 0.5], "texture": "#1"},
				"up": {"uv": [0, 0, 1, 14], "rotation": 90, "texture": "#1"},
				"down": {"uv": [0, 0, 1, 14], "rotation": 270, "texture": "#1"}
			}
		},
		{
			"from": [1, 18, 15],
			"to": [15, 18.5, 16],
			"rotation": {"angle": 0, "axis": "y", "origin": [9, 26, 23]},
			"faces": {
				"north": {"uv": [0, 0, 14, 0.5], "texture": "#1"},
				"east": {"uv": [0, 0, 1, 0.5], "texture": "#1"},
				"south": {"uv": [0, 0, 14, 0.5], "texture": "#1"},
				"west": {"uv": [0, 0, 1, 0.5], "texture": "#1"},
				"up": {"uv": [0, 0, 1, 14], "rotation": 90, "texture": "#1"},
				"down": {"uv": [0, 0, 1, 14], "rotation": 270, "texture": "#1"}
			}
		},
		{
			"from": [1, 18, 1],
			"to": [15, 20.5, 15],
			"rotation": {"angle": 0, "axis": "y", "origin": [9, 26, 22]},
			"faces": {
				"north": {"uv": [0, 0, 14, 2.5], "texture": "#2"},
				"east": {"uv": [0, 0, 14, 2.5], "texture": "#2"},
				"south": {"uv": [0, 0, 14, 2.5], "texture": "#2"},
				"west": {"uv": [0, 0, 14, 2.5], "texture": "#2"},
				"up": {"uv": [0, 0, 14, 14], "rotation": 90, "texture": "#2"},
				"down": {"uv": [0, 0, 14, 14], "rotation": 270, "texture": "#2"}
			}
		}
	],
	"display": {
		"thirdperson_righthand": {
			"scale": [0.31, 0.31, 0.31]
		},
		"gui": {
			"rotation": [23, 45, 0],
			"scale": [0.56, 0.56, 0.56]
		}
	}
}