{
	"credit": "Made with Blockbench",
	"textures": {
		"0": "block/monitor/texture_case",
		"1": "block/monitor/texture_black",
		"2": "block/monitor/texture_screen",
		"particle": "block/monitor/texture_case"
	},
	"elements": [
		{
			"from": [-6, 0, 3],
			"to": [13, 1, 17],
			"rotation": {"angle": 45, "axis": "y", "origin": [3.5, 0.5, 3.5]},
			"faces": {
				"north": {"uv": [0, 0, 16, 1], "texture": "#0"},
				"east": {"uv": [0, 0, 14, 1], "texture": "#0"},
				"south": {"uv": [0, 0, 16, 1], "texture": "#0"},
				"west": {"uv": [0, 0, 14, 1], "texture": "#0"},
				"up": {"uv": [0, 0, 16, 14], "texture": "#0"},
				"down": {"uv": [0, 0, 16, 14], "texture": "#0"}
			}
		},
		{
			"from": [-5.25, 1, 2.75],
			"to": [11.75, 11, 4.75],
			"rotation": {"angle": 45, "axis": "y", "origin": [3.25, 1.5, 3.25]},
			"faces": {
				"north": {"uv": [0, 0, 16, 10], "texture": "#1"},
				"east": {"uv": [0, 0, 2, 10], "texture": "#1"},
				"south": {"uv": [0, 0, 16, 10], "texture": "#1"},
				"west": {"uv": [0, 0, 2, 10], "texture": "#1"},
				"up": {"uv": [0, 0, 16, 2], "texture": "#1"},
				"down": {"uv": [0, 0, 16, 2], "texture": "#1"}
			}
		},
		{
			"from": [-4.75, 2, 2.5],
			"to": [10.25, 10, 4.5],
			"rotation": {"angle": 45, "axis": "y", "origin": [2.75, 1.5, 3]},
			"faces": {
				"north": {"uv": [0, 0, 15, 8], "texture": "#2"},
				"east": {"uv": [0, 0, 2, 8], "texture": "#1"},
				"south": {"uv": [0, 0, 15, 8], "texture": "#1"},
				"west": {"uv": [0, 0, 2, 8], "texture": "#1"},
				"up": {"uv": [0, 0, 15, 2], "texture": "#1"},
				"down": {"uv": [0, 0, 15, 2], "texture": "#1"}
			}
		},
		{
			"from": [-5, 1, 16],
			"to": [12, 10, 17],
			"rotation": {"angle": 45, "axis": "y", "origin": [3.5, 1.5, 3.5]},
			"faces": {
				"north": {"uv": [0, 0, 16, 9], "texture": "#0"},
				"east": {"uv": [0, 0, 1, 9], "texture": "#0"},
				"south": {"uv": [0, 0, 16, 9], "texture": "#0"},
				"west": {"uv": [0, 0, 1, 9], "texture": "#0"},
				"up": {"uv": [0, 0, 16, 1], "texture": "#0"},
				"down": {"uv": [0, 0, 16, 1], "texture": "#0"}
			}
		},
		{
			"from": [-6, 10, 13],
			"to": [13, 10.5, 17],
			"rotation": {"angle": 45, "axis": "y", "origin": [3.5, 10.5, 3.5]},
			"faces": {
				"north": {"uv": [0, 0, 16, 0.5], "texture": "#0"},
				"east": {"uv": [0, 0, 4, 0.5], "texture": "#0"},
				"south": {"uv": [0, 0, 16, 0.5], "texture": "#0"},
				"west": {"uv": [0, 0, 4, 0.5], "texture": "#0"},
				"up": {"uv": [0, 0, 16, 4], "texture": "#0"},
				"down": {"uv": [0, 0, 16, 4], "texture": "#0"}
			}
		},
		{
			"from": [-6, 10.5, 13],
			"to": [13, 11, 16],
			"rotation": {"angle": 45, "axis": "y", "origin": [3.5, 11, 3.5]},
			"faces": {
				"north": {"uv": [0, 0, 16, 0.5], "texture": "#0"},
				"east": {"uv": [0, 0, 3, 0.5], "texture": "#0"},
				"south": {"uv": [0, 0, 16, 0.5], "texture": "#0"},
				"west": {"uv": [0, 0, 3, 0.5], "texture": "#0"},
				"up": {"uv": [0, 0, 16, 3], "texture": "#0"},
				"down": {"uv": [0, 0, 16, 3], "texture": "#0"}
			}
		},
		{
			"from": [-6, 11, 13],
			"to": [13, 11.5, 15],
			"rotation": {"angle": 45, "axis": "y", "origin": [3.5, 11.5, 3.5]},
			"faces": {
				"north": {"uv": [0, 0, 16, 0.5], "texture": "#0"},
				"east": {"uv": [0, 0, 2, 0.5], "texture": "#0"},
				"south": {"uv": [0, 0, 16, 0.5], "texture": "#0"},
				"west": {"uv": [0, 0, 2, 0.5], "texture": "#0"},
				"up": {"uv": [0, 0, 16, 2], "texture": "#0"},
				"down": {"uv": [0, 0, 16, 2], "texture": "#0"}
			}
		},
		{
			"from": [-6, 1, 3],
			"to": [-5, 10, 17],
			"rotation": {"angle": 45, "axis": "y", "origin": [3.5, 2.5, 3.5]},
			"faces": {
				"north": {"uv": [0, 0, 1, 9], "texture": "#0"},
				"east": {"uv": [0, 0, 14, 9], "texture": "#0"},
				"south": {"uv": [0, 0, 1, 9], "texture": "#0"},
				"west": {"uv": [0, 0, 14, 9], "texture": "#0"},
				"up": {"uv": [0, 0, 1, 14], "texture": "#0"},
				"down": {"uv": [0, 0, 1, 14], "texture": "#0"}
			}
		},
		{
			"from": [6.75, 1, -9.75],
			"to": [7.75, 10, 4.25],
			"rotation": {"angle": 45, "axis": "y", "origin": [16.25, 2.5, -9.25]},
			"faces": {
				"north": {"uv": [0, 0, 1, 9], "texture": "#0"},
				"east": {"uv": [0, 0, 14, 9], "texture": "#0"},
				"south": {"uv": [0, 0, 1, 9], "texture": "#0"},
				"west": {"uv": [0, 0, 14, 9], "texture": "#0"},
				"up": {"uv": [0, 0, 1, 14], "texture": "#0"},
				"down": {"uv": [0, 0, 1, 14], "texture": "#0"}
			}
		},
		{
			"from": [6.75, 10, -9.75],
			"to": [7.75, 11, 0.25],
			"rotation": {"angle": 45, "axis": "y", "origin": [16.25, 11.5, -9.25]},
			"faces": {
				"north": {"uv": [0, 0, 1, 1], "texture": "#0"},
				"east": {"uv": [0, 0, 10, 1], "texture": "#0"},
				"south": {"uv": [0, 0, 1, 1], "texture": "#0"},
				"west": {"uv": [0, 0, 10, 1], "texture": "#0"},
				"up": {"uv": [0, 0, 1, 10], "texture": "#0"},
				"down": {"uv": [0, 0, 1, 10], "texture": "#0"}
			}
		},
		{
			"from": [-6, 10, 3],
			"to": [-5, 11, 13],
			"rotation": {"angle": 45, "axis": "y", "origin": [3.5, 11.5, 3.5]},
			"faces": {
				"north": {"uv": [0, 0, 1, 1], "texture": "#0"},
				"east": {"uv": [0, 0, 10, 1], "texture": "#0"},
				"south": {"uv": [0, 0, 1, 1], "texture": "#0"},
				"west": {"uv": [0, 0, 10, 1], "texture": "#0"},
				"up": {"uv": [0, 0, 1, 10], "texture": "#0"},
				"down": {"uv": [0, 0, 1, 10], "texture": "#0"}
			}
		},
		{
			"from": [-6, 11, 3],
			"to": [13, 12, 14],
			"rotation": {"angle": 45, "axis": "y", "origin": [3.5, 11.5, 3.5]},
			"faces": {
				"north": {"uv": [0, 0, 16, 1], "texture": "#0"},
				"east": {"uv": [0, 0, 11, 1], "texture": "#0"},
				"south": {"uv": [0, 0, 16, 1], "texture": "#0"},
				"west": {"uv": [0, 0, 11, 1], "texture": "#0"},
				"up": {"uv": [0, 0, 16, 11], "texture": "#0"},
				"down": {"uv": [0, 0, 16, 11], "texture": "#0"}
			}
		}
	]
}