{
	"credit": "Made with Blockbench",
	"textures": {
		"0": "block/texture_black",
		"1": "block/texture_white",
		"2": "block/lightbridge/texture_light_emmiter",
		"particle": "block/texture_black"
	},
	"elements": [
		{
			"from": [-2, -2.25, 15],
			"to": [18, 4.25, 16],
			"rotation": {"angle": 0, "axis": "y", "origin": [6, 7, 23]},
			"faces": {
				"north": {"uv": [0, 0, 16, 6.5], "texture": "#0"},
				"east": {"uv": [0, 0, 1, 6.5], "texture": "#0"},
				"south": {"uv": [0, 0, 16, 6.5], "texture": "#0"},
				"west": {"uv": [0, 0, 1, 6.5], "texture": "#0"},
				"up": {"uv": [0, 0, 16, 1], "texture": "#0"},
				"down": {"uv": [0, 0, 16, 1], "texture": "#0"}
			}
		},
		{
			"from": [-3.25, -1, 15],
			"to": [-2, 3, 16],
			"rotation": {"angle": 0, "axis": "y", "origin": [5, 9, 23]},
			"faces": {
				"north": {"uv": [0, 0, 1.25, 4], "texture": "#0"},
				"east": {"uv": [0, 0, 1, 4], "texture": "#0"},
				"south": {"uv": [0, 0, 1.25, 4], "texture": "#0"},
				"west": {"uv": [0, 0, 1, 4], "texture": "#0"},
				"up": {"uv": [0, 0, 1.25, 1], "texture": "#0"},
				"down": {"uv": [0, 0, 1.25, 1], "texture": "#0"}
			}
		},
		{
			"from": [18, -1, 15],
			"to": [19.25, 3, 16],
			"rotation": {"angle": 0, "axis": "y", "origin": [26, 9, 23]},
			"faces": {
				"north": {"uv": [0, 0, 1.25, 4], "texture": "#0"},
				"east": {"uv": [0, 0, 1, 4], "texture": "#0"},
				"south": {"uv": [0, 0, 1.25, 4], "texture": "#0"},
				"west": {"uv": [0, 0, 1, 4], "texture": "#0"},
				"up": {"uv": [0, 0, 1.25, 1], "texture": "#0"},
				"down": {"uv": [0, 0, 1.25, 1], "texture": "#0"}
			}
		},
		{
			"from": [-2.75, 2.25, 15],
			"to": [-1.75, 4.25, 16],
			"rotation": {"angle": -45, "axis": "z", "origin": [-2.25, 3.25, 15.5]},
			"faces": {
				"north": {"uv": [0, 0, 1, 2], "texture": "#0"},
				"east": {"uv": [0, 0, 1, 2], "texture": "#0"},
				"south": {"uv": [0, 0, 1, 2], "texture": "#0"},
				"west": {"uv": [0, 0, 1, 2], "texture": "#0"},
				"up": {"uv": [0, 0, 1, 1], "texture": "#0"},
				"down": {"uv": [0, 0, 1, 1], "texture": "#0"}
			}
		},
		{
			"from": [17.75, 2.25, 15],
			"to": [18.75, 4.25, 16],
			"rotation": {"angle": 45, "axis": "z", "origin": [18.25, 3.25, 15.5]},
			"faces": {
				"north": {"uv": [0, 0, 1, 2], "texture": "#0"},
				"east": {"uv": [0, 0, 1, 2], "texture": "#0"},
				"south": {"uv": [0, 0, 1, 2], "texture": "#0"},
				"west": {"uv": [0, 0, 1, 2], "texture": "#0"},
				"up": {"uv": [0, 0, 1, 1], "texture": "#0"},
				"down": {"uv": [0, 0, 1, 1], "texture": "#0"}
			}
		},
		{
			"from": [17.25, -1.75, 15],
			"to": [19.25, -0.75, 16],
			"rotation": {"angle": 45, "axis": "z", "origin": [18.25, -1.25, 15.5]},
			"faces": {
				"north": {"uv": [0, 0, 1, 2], "rotation": 90, "texture": "#0"},
				"east": {"uv": [0, 0, 1, 1], "rotation": 270, "texture": "#0"},
				"south": {"uv": [0, 0, 1, 2], "rotation": 270, "texture": "#0"},
				"west": {"uv": [0, 0, 1, 1], "rotation": 270, "texture": "#0"},
				"up": {"uv": [0, 0, 1, 2], "rotation": 270, "texture": "#0"},
				"down": {"uv": [0, 0, 1, 2], "rotation": 270, "texture": "#0"}
			}
		},
		{
			"from": [-3.25, -1.75, 15],
			"to": [-1.25, -0.75, 16],
			"rotation": {"angle": -45, "axis": "z", "origin": [-2.25, -1.25, 15.5]},
			"faces": {
				"north": {"uv": [0, 0, 1, 2], "rotation": 270, "texture": "#0"},
				"east": {"uv": [0, 0, 1, 1], "rotation": 90, "texture": "#0"},
				"south": {"uv": [0, 0, 1, 2], "rotation": 90, "texture": "#0"},
				"west": {"uv": [0, 0, 1, 1], "rotation": 90, "texture": "#0"},
				"up": {"uv": [0, 0, 1, 2], "rotation": 90, "texture": "#0"},
				"down": {"uv": [0, 0, 1, 2], "rotation": 90, "texture": "#0"}
			}
		},
		{
			"from": [-2, -1, 14.5],
			"to": [18, 3, 15],
			"rotation": {"angle": 0, "axis": "y", "origin": [6, 10, 22]},
			"faces": {
				"north": {"uv": [0, 0, 16, 4], "texture": "#2"},
				"east": {"uv": [0, 0, 0.5, 4], "texture": "#1"},
				"south": {"uv": [0, 0, 16, 4], "texture": "#1"},
				"west": {"uv": [0, 0, 0.5, 4], "texture": "#1"},
				"up": {"uv": [0, 0, 16, 0.5], "texture": "#1"},
				"down": {"uv": [0, 0, 16, 0.5], "texture": "#1"}
			}
		},
		{
			"from": [-1.5, -1.25, 14.25],
			"to": [-1, 3.25, 15],
			"rotation": {"angle": 0, "axis": "y", "origin": [6.5, 10, 22]},
			"faces": {
				"north": {"uv": [0, 0, 0.5, 4.5], "texture": "#0"},
				"east": {"uv": [0, 0, 0.75, 4.5], "texture": "#0"},
				"south": {"uv": [0, 0, 0.5, 4.5], "texture": "#0"},
				"west": {"uv": [0, 0, 0.75, 4.5], "texture": "#0"},
				"up": {"uv": [0, 0, 0.5, 0.75], "texture": "#0"},
				"down": {"uv": [0, 0, 0.5, 0.75], "texture": "#0"}
			}
		},
		{
			"from": [17, -1.25, 14.25],
			"to": [17.5, 3.25, 15],
			"rotation": {"angle": 0, "axis": "y", "origin": [25, 10, 22]},
			"faces": {
				"north": {"uv": [0, 0, 0.5, 4.5], "texture": "#0"},
				"east": {"uv": [0, 0, 0.75, 4.5], "texture": "#0"},
				"south": {"uv": [0, 0, 0.5, 4.5], "texture": "#0"},
				"west": {"uv": [0, 0, 0.75, 4.5], "texture": "#0"},
				"up": {"uv": [0, 0, 0.5, 0.75], "texture": "#0"},
				"down": {"uv": [0, 0, 0.5, 0.75], "texture": "#0"}
			}
		},
		{
			"from": [-1.5, 2.75, 14.5],
			"to": [-1, 3.75, 15.5],
			"rotation": {"angle": -45, "axis": "x", "origin": [-1, 3.25, 15]},
			"faces": {
				"north": {"uv": [0, 0, 0.5, 1], "texture": "#0"},
				"east": {"uv": [0, 0, 1, 1], "texture": "#0"},
				"south": {"uv": [0, 0, 0.5, 1], "texture": "#0"},
				"west": {"uv": [0, 0, 1, 1], "texture": "#0"},
				"up": {"uv": [0, 0, 0.5, 1], "texture": "#0"},
				"down": {"uv": [0, 0, 0.5, 1], "texture": "#0"}
			}
		},
		{
			"from": [17, 2.75, 14.5],
			"to": [17.5, 3.75, 15.5],
			"rotation": {"angle": -45, "axis": "x", "origin": [17.5, 3.25, 15]},
			"faces": {
				"north": {"uv": [0, 0, 0.5, 1], "texture": "#0"},
				"east": {"uv": [0, 0, 1, 1], "texture": "#0"},
				"south": {"uv": [0, 0, 0.5, 1], "texture": "#0"},
				"west": {"uv": [0, 0, 1, 1], "texture": "#0"},
				"up": {"uv": [0, 0, 0.5, 1], "texture": "#0"},
				"down": {"uv": [0, 0, 0.5, 1], "texture": "#0"}
			}
		},
		{
			"from": [-1.5, -1.75, 14.5],
			"to": [-1, -0.75, 15.5],
			"rotation": {"angle": -45, "axis": "x", "origin": [-1, -1.25, 15]},
			"faces": {
				"north": {"uv": [0, 0, 0.5, 1], "texture": "#0"},
				"east": {"uv": [0, 0, 1, 1], "texture": "#0"},
				"south": {"uv": [0, 0, 0.5, 1], "texture": "#0"},
				"west": {"uv": [0, 0, 1, 1], "texture": "#0"},
				"up": {"uv": [0, 0, 0.5, 1], "texture": "#0"},
				"down": {"uv": [0, 0, 0.5, 1], "texture": "#0"}
			}
		},
		{
			"from": [17, -1.75, 14.5],
			"to": [17.5, -0.75, 15.5],
			"rotation": {"angle": -45, "axis": "x", "origin": [17.5, -1.25, 15]},
			"faces": {
				"north": {"uv": [0, 0, 0.5, 1], "texture": "#0"},
				"east": {"uv": [0, 0, 1, 1], "texture": "#0"},
				"south": {"uv": [0, 0, 0.5, 1], "texture": "#0"},
				"west": {"uv": [0, 0, 1, 1], "texture": "#0"},
				"up": {"uv": [0, 0, 0.5, 1], "texture": "#0"},
				"down": {"uv": [0, 0, 0.5, 1], "texture": "#0"}
			}
		}
	],
	"display": {
		"head": {
			"scale": [1.6, 1.6, 1.6]
		}
	}
}