{
	"parent": "item/handheld",
	"textures": {
		"layer0": "item/stick"
	},
	"overrides": [
		{ "predicate": { "custom_model_data": 1}, "model": "item/stick/liftdoor_open_left" },
		{ "predicate": { "custom_model_data": 2}, "model": "item/stick/liftdoor_open_right" },
		{ "predicate": { "custom_model_data": 3}, "model": "item/stick/liftdoor_closed" },
		{ "predicate": { "custom_model_data": 4}, "model": "item/stick/liftdoor_base" },
		{ "predicate": { "custom_model_data": 5}, "model": "item/stick/lightbridge" }
	]
}
